0,0,0,0,0,1.131916354,0,0.803229942,1.206312963,1.464926505,0.877417037,1.02864081,0.860384792,0.780429468,0,1.644928438,1.428307685,0,0,1.028404884,0,1.080092593,1.539180382,1.47570772,0.960144769,0,0,0,0,0,0,0,1.240164329,1.218936817,1.204881852,1.534472616,1.242178148,0.720918576,1.145966644,0,0.677950081,0,0.691818241,1.048624282,1.896888796,1.198087558,1.011831655,1.12497022,1.106636944,nan,1.746116829,1.456414051,1.230307986,1.132049213,1.53484397,0.9587975,0.870609676,1.689459792,1.176036736,1.2159889,1.008293773,0,0,1.31296978,1.209918449,1.108682454,1.254140475,0.824379792,0,0.914299028,0,0,1.31965294,1.274805683,0,0,0,0,1.511612778,1.395638588,0,1.006746447,0,1.248425856,0,1.273206563,1.562502257,0,0,0,1.125496088,1.260192118,1.067231516,1.388343681,1.604690972,1.194910231,1.141812211,1.162232477,1.714233009,1.224132002,1.413395799,1.006301563,0.978678171,1.086698877,1.602591308,1.127132917,1.24813206,1.45729963,1.427170729,1.293105856,1.111143623,1.10858662,1.386100081,1.228245775,1.212796123,1.386171655,1.768455799,1.515602766,1.332034792,1.559290995,1.15008647,1.275523611,1.709061944,1.205550417,1.175360706,1.481827859,1.244689757,1.4779775,1.105653414,1.15996265,1.513190694,1.112109653,1.187460185,1.065889468,1.256505764,1.188893102,1.089569838,1.471274537,1.086623194,1.150276458,1.192013669,1.037806424,1.157402338,1.599964201,1.277208287,1.323722049,1.206462211,1.232602928,2.080898032,1.222432118,1.174853588,1.156743032,1.13919787,1.620661875,1.433867049,1.279917905,1.044375012,0.995206111,0.984467731,1.023450231,1.035734931,1.046002998,1.010926007,1.118947141,1.244202176,1.428825231,1.159011597,1.114947558,1.199710914,1.372770162,1.24399485,1.422921192,1.085584873,1.430022118,1.117624537,1.130665162,1.207982049,1.490440891,1.195781227,1.646747998,1.31086794,1.3456325,1.453048125,1.30546603,1.52013559,1.454821238,1.576834965,1.159885104,1.164975231,1.84776309,1.888233912,1.395833808,1.337413715,1.144352743,1.250482905,1.210953692,1.383701227,1.205814271,0.750369514,1.396577407,1.441856944,1.128420729,1.114540023,1.249169502,1.223410741,0.795908704,0.691318449,1.176651875,0.996950463,1.241501296,1.534445521,1.249537049,1.312126389,1.660138854,1.48672794,1.117258785,2.152180926,0.906841829,1.249608275,1.476218947,1.10825,1.612710231,1.019626713,1.450594294,1.404920579,1.122887917,1.605461551,1.537987141,0.941379433,0.690663218,0.689600683,0.704666273,0.853724815,nan,nan,nan,nan,nan,nan,1.441234387,1.522909097,1.840674861,1.669953866,1.310474213,1.41735816,1.180987801,1.672212836,1.459111076,1.545927454,1.732361852,1.386981771,1.546815833,1.580013831,1.528946157,1.507501111,1.538156505,1.013883542,1.799201852,1.283486215,1.368822118,1.92147765,1.428374039,2.161312373,1.530641238,1.323555058,1.407869757,1.2943461,1.345071007,1.546636551,1.467062963,1.215871944,1.431161655,1.505584722,1.435452141,1.637464144,1.746103519,1.583363611,1.733412998,1.278284363,0.866564514,0.722665961,0.949853565,1.220526065,1.001408854,0.852313206,1.208964896,1.230938808,1.116328611,0.908400012,0.87548081,0.858855903,1.111824965,0.639433889,0.650132836,0.660432396,0.600577257,0.735718403,0.863211516,1.097770926,0.966667975,0.86689103,0.734496539,0.786639873,0.843204375,0.849825104,0.781558345,1.007326308,0.974744236,1.209819491,1.294072998,1.343011053,1.274447396,1.07534397,0.811929861,1.008898623,0.829803912,1.254929132,1.088590775,1.039004502,1.304891736,1.447597245,1.417967894,1.324245093,1.269862789,0.934952743,0.588654664,0.597776539,0.621155185,0.647991667,0.647779687,0.637406435,0.638496817,0.639317083,0.640650938,0.666029583,0.649418831,0.611949387,0.608475035,0.589820382,0.613180417,0.603777303,0.70696441,0.731326481,0.70988294,0.782212037,0.70276463,0.689184734,0.809972269,0.692301782,0.797426991,0.746519248,1.518791817,1.159600382,1.07562603,1.230849398,1.27450772,1.197582419,1.140551632,1.193265243,1.048294005,1.017749433,1.417397975,1.322737419,1.034340567,1.069049942,1.009924769,0.836963241,0.990645035,,,,,,,,,,,,,,,,,,,,,,,,,,,,,,,,,,,,,,,,,,,,,,,,,,,,,,,,,,,,,,,,,,,,,,,,,,,,,,,,,,,,,,,,,,,,,,,,,,,,,,,,,,,,,,,,,,,,,,,,,,,,,,,,,,,,,,,,,,,,,,,,,,,,,,,,,,,,,,,,,,,,,,,,,,,,,,,,,,,,,,,,,,,,,,,,,,,,,,,,,,,,,,,,,,,,,,,,,,,,,,,,,,,,,,,,,,,,,,,,,,,,,,,,,,,,,,,,,,,,,,,,,,,,,,,,,,,,
0.764148067,0.813126493,0.750525104,0.802395833,0.752136887,0.666197118,0.75108456,0.774086551,0.889046169,0.817837106,1.554153588,1.319694016,1.502878137,1.557508588,1.676835509,1.460874838,1.752064433,1.649098935,1.153888843,1.330833681,1.672774502,1.437565972,1.037796157,1.931057951,2.262735903,1.200079352,1.351725579,1.332382755,1.162674618,1.111364063,1.545455706,1.10024735,1.144177338,0.859733044,1.149790938,1.43527831,0.949960324,1.264889896,0.906880127,1.075359074,0.885200417,1.314323403,1.50979772,1.241552928,1.945973461,1.653497859,1.256454711,1.309953831,1.534724433,nan,nan,nan,nan,nan,1.002476377,1.180573021,1.167381134,1.131471192,1.17015559,1.151323009,1.06732265,1.159464676,1.212404051,1.264997778,1.095497338,1.065014572,1.114277384,1.131031713,0.99757919,0.881246655,0.802298681,0.764222766,0.812349803,0.740018113,0.748339387,0.729070718,0.73023228,0.705547257,0.863615475,1.019959792,1.059984664,0.946247593,1.103596088,1.064643414,1.031507049,0.633915671,0.943185926,0.876473681,0.816172755,0.903338391,0.886452731,0.962523935,0.650618218,0.701213819,0.790606771,0.656103333,0.743789734,0.664667431,0.780867373,0.36129838,0.299272558,0.284587014,0.7051539,0.725553287,0.713306331,0.809811053,0.60404434,0.663149734,0.683312905,0.623510567,0.572997535,0.529282407,0.552116458,0.661295289,0.784461088,0.749691725,0.737263056,0.587835162,0.602463657,0.650831956,0.830680937,0.82116338,0.831560625,0.811474942,0.873852928,0.331927836,0.2717564,0.279336678,0.28293066,0.276301123,0.276662118,0.277540845,0.297901586,0.315204722,0.322804063,0.333283519,0.320403449,0.330959352,0.334510787,0.356521204,0.362790718,0.368160833,0.360487801,0.369940278,0.398803646,0.391813692,0.380198866,0.360629722,0.369906053,0.366823368,0.387186586,0.374008079,0.354317049,0.341057118,0.341109317,0.352604919,0.340659051,0.346940139,0.350082488,0.356819132,0.370568125,0.368521748,0.349492269,0.331122616,0.290112743,0.468509213,0.478176632,0.692485567,0.826074491,0.719397106,0.713553958,1.122463912,0.771917685,0.84537162,0.738491956,0.803901285,0.679360532,0.675062037,0.713370451,0.769495243,0.621138484,0.707516609,0.664622014,0.724914792,0.590426111,0.61306728,0.602064479,0.601486759,0.602147789,0.567421157,0.578474884,0.642731412,0.450732488,0.660607384,0.862037037,0.726110069,0.725184144,0.719920856,0.550756019,0.606814178,0.571733287,0.512975752,0.476324051,0.447363808,0.50646787,0.636845833,0.544970081,0.670676655,0.563747188,0.734818773,0.594452882,0.534996134,0.49446978,0.688685637,0.806557639,0.570908044,0.67173228,0.511877523,0.479393206,0.528752014,0.703336157,0.511539294,0.550101991,0.524941736,0.427332234,0.440303484,0.431990266,0.433135903,0.427466539,0.427174028,0.437040498,0.628783738,0.62584706,nan,nan,0.639137546,0.595543044,0.631255694,0.569434051,0.62535434,0.629258958,0.601277431,0.73897338,0.600639167,0.677152326,0.52679897,0.514906968,0.521671111,0.542794965,0.644433681,0.708334132,0.52049397,0.571976389,0.657103588,0.638595278,0.723344317,0.735134757,0.658521852,0.87491338,0.791865856,0.510073796,0.45321772,0.462032546,0.545436887,0.625740509,0.590667639,0.569162755,0.637987546,0.547824132,0.57450537,0.777678889,0.608781817,0.599014884,0.70453184,0.547697685,0.568371076,0.692510278,0.594173426,0.618607049,0.472863229,0.533789294,0.610678449,0.508440544,0.435345104,0.564716609,0.601958889,0.585631725,0.677900856,1.039981655,1.160278148,1.114490312,1.136984167,1.074557025,1.094698773,1.001599745,1.18884059,0.702956181,0.971020081,0.849430637,0.91748412,0.804745081,0.795320475,0.653966354,0.605495405,0.660787269,0.726484965,0.764929988,0.562075428,0.705970984,0.533706678,0.502465486,0.597502326,0.584193426,0.500643241,0.405518935,0.506541215,0.59350235,0.516866215,0.567527975,0.46558044,0.518098032,0.534135764,0.588973171,0.557835937,0.54670375,0.625085984,0.573685197,0.534756875,0.629098681,0.620109757,0.584600486,0.611570069,0.618468368,0.536908275,0.618950463,0.643622234,0.496616794,0.61684566,0.48824213,0.547860718,0.624395532,0.511946343,0.531810856,0.574481053,0.589728414,0.537375706,0.550235671,0.498570197,0.560669097,0.526819074,0.523965486,0.567604097,0.558211458,0.511728206,0.639005775,0.572987685,0.585103947,0.522225671,0.521535023,0.516298449,0.545016921,0.550594514,0.466607164,0.453175602,0.456539988,0.479255174,0.406517049,0.455617025,0,0,0,0,0,0.785602373,0.609901528,1.048855463,0.665351076,0.886420405,0.60227669,0.86792765,0.958329653,0.745318264,0,0.810569525,0.796417025,0.791684549,0.902677998,1.030980799,0.693272905,0.737938519,0.804502234,0.705704572,0.62806338,0,0,0.580746204,0,0,0,0,0.826496285,0.936588935,1.141748877,0.975240845,1.167240498,0.816347836,1.453634606,0,0.809664236,0,0.792613843,0.727027789,1.095886076,0.711585532,0.656618634,1.03051015,0.619146725,nan,0.692795938,1.099112396,0.941646863,1.035739028,0.763311678,1.072399861,0.769546262,0.685042222,0.747810567,0.745326968,0.66575919,0,0,1.005180891,0.549341157,0.797779074,0.682243877,0.585834294,0,1.158047222,0,1.027031076,0.606617488,0.653285394,0,0,0,0,0.80496412,0.503534988,0,0.872075683,0.667744664,0,1.007798067,0.791565891,0.78122022,0.759157234,0,0,0.841756528,0.915602199,0.824231377,0.522314282,0.616991771,0.660083356,0.628205938,0.750495162,0.76195287,0.869606574,0.675627465,0.479443819,0.555727836,0.599260729,0.592597882,0.579171944,0.630633206,0.577604155,0.528019097,0.66870956,0.592860799,0.580783819,0.72144015,0.731717014,0.733158391,0.710422442,0.647878819,0.699359005,0.701834329,0.713347419,0.608580544,0.601863588,0.622054375,0.723589456,0.690712627,1.100032407,0.493693947,0.820199155,0.571481748,0.550811586,0.626827465,0.603143391,0.614899896,0.658856991,0.523362917,0.631241887,0.7068286,0.801031644,0.589744861,0.864182685,0.761711377,0.69826544,0.773757211,0.702802002,0.736018426,0.920374109,0.493910255,0.679873194,0.60996956,0.536918009,0.55075375,0.60896912,0.5717211,0.630271366,0.70763294,0.722192998,0.59388522,0.514663704,0.688926042,0.920736192,0.678766921,0.588831944,0.580173773,0.647279155,0.485990544,0.601305868,0.650872002,0.573022303,0.582715174,0.933993194,0.990187083,0.680712975,0.658206875,0.540399942,0.681696285,0.620322975,0.645211088,1.025672905,0.798485891,0.940859792,1.221491042,0.854930891,0.872815301,0.659050637,0.660769745,0.426036597,0.643731331,0.53474338,0.619364606,0.543091412,0.518430938,0.54605897,0.506766377,0.253424132,0.555430081,0.5667639,0.677477882,0.561408009,0.586023449,0.56867853,0.559314375,0.493840637,0.307539664,0.37114456,0.401522211,0.546134988,0.458360278,0.524440625,0.487477002,0.512009641,0.44402706,0.478540671,0.576185764,0.540466227,0.615259919,0.465026505,0.461320405,0.70584787,0.474635868,0.801082905,0.60975912,0.65117728,0.617630023,0.634171678,0.600678391,0.519489514,0.635930197,0.666388056,0.778472778,0.522993796,0.539909097,0.529999931,0.471652546,nan,nan,nan,0.601506875,0.631657188,0.516497662,0.512617164,0.458518299,0.698357928,0.650646238,0.587836887,0.481959572,0.447247685,0.348979502,0.457645475,0.456275116,0.454286435,0.175780914,0.379016644,0.392763438,0.380172697,0.367935972,0.34021375,0.28296066,0.355452975,0.596887685,0.55962463,0.52430412,0.53127559,0.677248137,0.589264167,0.585050521,0.535919757,0.560239363,0.525042303,0.444144248,0.604000278,0.502439988,0.469997384,0.463546227,0.517563681,0.04575059,0.351014155
0.450226829,0.523007546,0.83780765,0.476830405,0.465753067,0.457979537,0.525847211,0.466246563,0.489939282,0.807262234,0.463175903,0.481379132,0.533066875,0.462251019,0.498310231,0.586016563,0.861164271,0.519875637,0.487132616,0.51738478,0.605646701,0.502058657,0.521162778,0.847950394,0.519778773,0.496928137,0.491136354,0.559383669,0.498305961,0.51891978,0.853752002,0.502180706,0.472852975,0.695687141,0.508020775,0.513116493,0.635806748,0.906361435,0.540312211,0.547546493,0.530402384,0.56678566,0.539595185,0.679004745,0.857039884,0.552938958,0.545903669,0.494310752,0.593125938,0.507694398,0.557558021,0.828535544,0.481039595,0.53454978,0.539479931,0.647245799,0.59267331,0.985868924,0.852183218,0.605631574,0.613445764,0.556529514,0.605455324,0.600134144,0.682221308,1.06644838,0.64118066,0.621005914,0.653390278,0.638625833,0.597247442,0.601980069,0.989744259,0.638251551,0.607517106,0.711397801,0.644686528,0.620025694,0.70407662,0.954069005,0.667411574,0.616130556,0.62775713,0.687565833,0.661556586,0.741835104,0.950092558,0.641284259,0.649504688,0.667525949,0.693283345,0.630822292,,,,,,,,,,,,,,,,,,,,,,,,,,,,,,,,,,,,,,,,,,,,,,,,,,,,,,,,,,,,,,,,,,,,,,,,,,,,,,,,,,,,,,,,,,,,,,,,,,,,,,,,,,,,,,,,,,,,,,,,,,,,,,,,,,,,,,,,,,,,,,,,,,,,,,,,,,,,,,,,,,,,,,,,,,,,,,,,,,,,,,,,,,,,,,,,,,,,,,,,,,,,,,,,,,,,,,,,,,,,,,,,,,,,,,,,,,,,,,,,,,,,,,,,,,,,,,,,,,,,,,,,,,,,,,,,,,,,,,,,,,,,,,,,,,,,,,,,,,,,,,,,,,,,,,,,,,,,,,,,,,,,,,,,,,,,,,,,,,,,,,,,,,,,,,,,,,,,,,,,,,,,,,,,,,,,,,,,,,,,,,,,,,,,,,,,,,,,,,,,,,,,,,,,,,,,,,,,,,,,,,,,,,,,,,,,,,,,,,,,,,,,,,,,,,,,,,,,,,,,,,,,,,,,,,,,,,,,,,,,,,,,,,,,,,,,,,,,,,,,,,,,,,,,,,,,,,,,,,,,,,,,,,,,,,,,,,,,,,,,,,,,,,,,,,,,
1.613533854,1.279383657,1.640039618,1.520446794,1.696271725,1.412382824,1.299009097,1.293615162,1.237599896,1.190773507,1.830469352,1.331505139,1.413310648,1.513777685,1.123161933,1.022592245,1.222075521,1.954996493,0.989987373,1.068533519,1.227325486,1.338406678,1.378314792,1.141666007,1.831567477,1.559784132,1.38469581,1.26246831,1.658246597,1.531036759,1.272446667,1.973032326,1.441430926,1.415582674,1.235190683,1.1761225,1.260271794,1.547815671,1.839621273,1.15448309,1.240012998,1.179273241,1.258740926,1.572146991,1.374372685,1.832039965,1.379496921,1.395593715,1.437491528,1.287705972,1.401814051,1.584294201,1.996759641,1.523331771,1.444544039,1.547553137,1.349923252,1.34454713,1.615404907,1.93363419,1.295058102,1.29417331,1.233714572,1.331313241,1.228845926,1.405668322,2.208449456,1.368060741,1.414880451,1.325114062,1.371631354,1.297111574,1.467269456,1.765029225,1.319088484,1.458280046,1.422701794,1.369854606,1.387463542,1.799588009,1.945081933,1.428632546,1.387611725,1.418342083,1.325355556,1.345846308,1.605894861,2.128957176,1.39276831,1.370833565,1.379358322,1.487068912,0.731355822,0.59255662,0.568818657,0.542745278,0.535803102,0.621192755,0.864198681,0.510089549,0.781610486,0.595808727,0.607345787,0.608795556,0.632767326,0.646322778,0.532834213,0.533330255,0.530114144,0.506381759,0.468973472,0.426002373,0.606870382,0.577627326,0.680988866,0.820010359,0.564077546,0.588192859,0.674714653,0.61548088,0.597815694,0.663190069,0.617604155,0.672652292,0.507488438,0.652836829,0.345059155,0.672610544,0.514221644,0.347876447,0.235857859,0.361116088,0.438786412,0.436679375,0.44025206,0.450693565,0.419843368,0.440811794,0.446786053,0.476538808,0.639692766,0.4930511,0.473821968,0.507515787,0.537860116,0.574259167,0.559535069,0.518456563,0.667960301,0.605804144,0.576457662,0.572964803,0.518598125,0.462532639,0.473218924,0.461147963,0.448340995,0.459914583,0.464808056,0.461838125,0.484573519,0.466977963,0.44371412,0.410322303,0.391768056,0.438005845,0.441285833,0.463232211,0.466606042,0.481469502,0.555556678,0.789888194,0.570391597,0.507934977,0.557395463,0.494385394,0.477157176,0.475935822,0.481106574,0.47380919,0.560920683,0.784759421,0.667760741,0.668926319,,,,,,,,,,,,,,,,,,,,,,,,,,,,,,,,,,,,,,,,,,,,,,,,,,,,,,,,,,,,,,,,,,,,,,,,,,,,,,,,,,,,,,,,,,,,,,,,,,,,,,,,,,,,,,,,,,,,,,,,,,,,,,,,,,,,,,,,,,,,,,,,,,,,,,,,,,,,,,,,,,,,,,,,,,,,,,,,,,,,,,,,,,,,,,,,,,,,,,,,,,,,,,,,,,,,,,,,,,,,,,,,,,,,,,,,,,,,,,,,,,,,,,,,,,,,,,,,,,,,,,,,,,,,,,,,,,,,,,,,,,,,,,,,,,,,,,,,,,,,,,,,,,,,,,,,,,,,,,,,,,,,,,,,,,,,,,,,,,,,,,,,,,,,,,,,,,,,,,,,,,,,,,,,,,,,,,,,,,,,,,,,,,,,,,,,,,,,,,,,,,,,,,,,,,,,,,,,,,,,,,,,,,,,,,,,,,,,,,,,,,,,,,,,,,,,,,,,,,,,
0.992841343,1.096750625,0.986058553,1.015016308,1.025322407,1.104833924,1.19084544,1.100562882,1.066349803,1.078612766,1.063418877,1.104797153,1.003212616,0.983274167,1.012043565,1.234171539,1.096521956,0,0.91339331,0.873692083,0.877074352,1.082985382,1.129866146,0.985237407,1.068647373,0,0.970344745,1.028419977,0,0.978724525,1.247313299,0.97764831,0.906306725,0.988392986,0.810828403,0.946334479,1.115702106,0.926802708,0.851710972,0.867491817,0.831605417,0,0.919810255,1.128288692,0,1.04048125,0.926365347,0.92604559,1.004477083,0.796245833,1.096887963,1.022237222,0.893173137,0.952214317,1.026086227,0.894123692,0.932976389,1.224924062,1.067613704,1.085517384,1.027074225,0.851785613,0.932893831,0.862827581,1.128646875,1.19447875,0.928839919,0,0.938822905,0.965329491,0.885669051,1.196172593,1.237583356,1.047869583,1.04878419,0.959527141,1.119748171,1.057546065,1.175762419,1.211686065,0,1.024391053,0.923547396,0.995847593,0.883279954,1.104308692,1.000512454,0.998198484,0.997058414,0.885696597,1.155633449,1.045281169,1.083422234,0.933024144,1.141620984,0.759075764,0.774445278,1.00326934,0.915990926,0.708264317,0.613795729,0.627207454,0.651202951,0.671703067,0.674593993,0.682390752,0.623611192,0.614231505,0.609957801,0.615990243,0.497295625,0.507944144,0.616030266,0.678148414,0.703527025,0.817117558,0.881324792,0.97921206,1.2597839,1.544373484,0.913361852,0.820438472,0.957301238,1.094016019,0.859981597,1.229906644,0.717623472,0.922397025,1.035981053,1.072651701,0.861007755,0.770560845,1.161613519,0.878110729,0.768259201,0.762658935,0.83542537,0.735443137,0.746424618,0.777889595,0.810967326,nan,0.860672917,1.453812083,0.973871748,1.119768241,1.048265544,1.17205265,1.09339684,1.058601701,1.023059757,0.998701528,1.184094525,0.931233889,0.980538576,0.927512153,0.753438472,1.207478692,1.218204201,0.938780718,0.911611111,0.876878241,0.838845509,0.785813229,0.706312245,0.918904491,0.941430567,0.88944662,1.022256563,1.002599155,1.152339965,1.060443715,0.922105174,1.010946748,0.984438148,0.957835718,0.980643171,0.88356919,1.165038275,1.269206308,1.332971505,1.223910938,1.102637037,0.83975331,,,,,,,,,,,,,,,,,,,,,,,,,,,,,,,,,,,,,,,,,,,,,,,,,,,,,,,,,,,,,,,,,,,,,,,,,,,,,,,,,,,,,,,,,,,,,,,,,,,,,,,,,,,,,,,,,,,,,,,,,,,,,,,,,,,,,,,,,,,,,,,,,,,,,,,,,,,,,,,,,,,,,,,,,,,,,,,,,,,,,,,,,,,,,,,,,,,,,,,,,,,,,,,,,,,,,,,,,,,,,,,,,,,,,,,,,,,,,,,,,,,,,,,,,,,,,,,,,,,,,,,,,,,,,,,,,,,,,,,,,,,,,,,,,,,,,,,,,,,,,,,,,,,,,,,,,,,,,,,,,,,,,,,,,,,,,,,,,,,,,,,,,,,,,,,,,,,,,,,,,,,,,,,,,,,,,,,,,,,,,,,,,,,,,,,,,,,,,,,,,,,,,,,,,,,,,,,,,,,,,,,,,,,,,,,,,,,,,,,,,,,,,,,,,,,,,,,,,,,,
1.275251146,1.298232049,1.046038032,0.866264213,0.823641308,0.997740405,1.023452234,0.848215197,1.030014479,1.258573576,1.134304919,0.983065058,0.716255486,0.59787287,0.602373727,0.671914271,0.674094919,0.87454588,0.856933773,0.678052176,1.054264479,0.824755509,1.110309965,1.136709433,1.094045521,0.93729375,0.932856447,0.951686979,1.081722616,1.131581192,1.219142477,0.822075046,0.907318137,0.9959664,1.10786706,0.909043808,1.191432951,1.158800162,0.631850683,0.645725752,0.749878403,0.901233912,1.020745451,0.935083519,0.703812014,0.685447581,0.715448866,0.740967025,0.716255787,nan,nan,nan,nan,nan,nan,nan,1.604224919,1.218524595,1.103807569,1.018764132,0.862382708,0.704551169,0.83748706,0.864738704,1.094913299,0.925764468,0.879590799,0.967656192,0.8429975,1.082862627,0.72983353,0.614175405,0.77952919,0.927281042,1.100555012,0.941739792,1.026363495,0.944925451,1.354289815,1.174944271,0.989912234,1.044552546,1.271932662,0.926154236,1.131519896,1.069441076,1.302489595,1.010801262,0.984157998,0.935844063,0.96885787,0.844766852,0.843060417,1.032854294,1.150521111,1.374777211,1.547893542,1.162921979,1.90658728,1.166573194,1.217261806,1.217236076,1.066249688,1.666954583,1.132387627,1.284739711,1.310105093,1.307309387,1.538458148,1.361054051,1.780700243,0.69927838,0.914386782,1.131753623,2.20501809,1.66977015,1.56117184,1.603502963,0.876815532,0.903232338,0.915649201,0.948726088,0.947896343,1.161647882,2.755816192,1.205627431,0.940075116,2.868235347,1.057120382,1.098858796,1.933459537,1.157566806,1.080772546,1.456428252,3.231788229,1.501577072,1.602709688,1.581573634,2.33969088,2.582821146,1.199455729,1.947437917,2.037737801,1.415114537,1.852483438,2.506647546,1.176060949,1.23390309,1.30551375,2.908190116,1.417247083,1.36360294,1.934263681,0.959366921,2.498116782,1.10764191,1.350695648,1.266550729,1.051715023,2.678316655,1.527095081,1.200818704,1.150236968,1.073164722,1.048925509,2.900618692,1.763428021,1.180035694,0,0.83480728,0.854673206,0.865775231,1.032377211,0.99195713,1.093877465,1.563647928,1.541366204,1.70580816,1.804659525,1.805406065,1.930633611,1.657087847,1.693049861,1.816261829,1.031698333,0.968990799,1.0073939,0.977766331,0.92298434,0.908220278,0.947716481,1.01160603,0.977829109,1.061776563,1.121547685,0.940197025,0.932899502,0.916306319,1.14052559,0.973017963,0.995001204,1.091914537,0.712990602,0.664294537,0.856935035,1.070626447,1.122211435,1.027312315,1.09651059,0.950499676,0.903591111,0.946840961,1.010585486,1.066921111,1.135559653,1.111015521,0.975281516,0.911284248,0.836871725,1.002259711,0.913781563,0.849090197,0.901554572,0.812640984,0.904020891,0.920799306,1.036197604,1.180170532,0.961346539,1.151201481,0.99090213,0.962466065,0.981269363,nan,0.962869583,1.147340266,1.245833229,1.091039699,1.000887211,1.003500428,1.118866563,1.160797894,1.388139873,1.243981736,0.960942118,0.967341412,0.954752373,1.018675822,1.075422743,1.005290775,1.159770764,0.993036516,1.023613519,0.980783241,1.06431765,1.023316238,0.873779537,1.002714178,0.923045278,0.970733507,1.002737407,1.320183843,1.13451647,1.292669039,1.227386065,1.005348241,1.061776991,1.028487604,1.165084294,1.079573171,1.166759329,1.197618588,1.06706735,1.001122697,0.932784468,1.055887813,,,,,,,,,,,,,,,,,,,,,,,,,,,,,,,,,,,,,,,,,,,,,,,,,,,,,,,,,,,,,,,,,,,,,,,,,,,,,,,,,,,,,,,,,,,,,,,,,,,,,,,,,,,,,,,,,,,,,,,,,,,,,,,,,,,,,,,,,,,,,,,,,,,,,,,,,,,,,,,,,,,,,,,,,,,,,,,,,,,,,,,,,,,,,,,,,,,,,,,,,,,,,,,,,,,,,,,,,,,,,,,,,,,,,,,,,,,,,,,,,,,,,,,,,,,,,,,,,,,,,,,,,,,,,,,,,,,,,,,,,,,,,,,,,,,,,,,,,,,,,,,,,,,,,,,,,,,,,,,,,,,,,,,,,,,,,,,,,,,,,,,,,,,,,,,,,,,,,,,,,,,,,,,,
0.953866157,0.887774664,0,0.929371007,0.930660139,0.933341273,0.949362407,0.981623681,0.794355255,0.734906354,0.820427986,0.985239456,0,0.908419213,0.757164387,0.969545243,0.83195588,0,0.820918646,0,0.837624502,0,0,0,0,0.810381157,0.94880463,0,0.907046424,0,0.938939815,0.97964941,0,0.879279699,0.810421366,0,0.811449896,0,0.912501829,0,0,0,1.043310648,0.886874676,0.935398657,0,0.969665683,0.86746316,1.019670509,nan,nan,0.898160949,0.970644363,1.070940613,0.941043461,0.948092199,0.901085451,0.977249572,0.906470069,0.9554514,0.936445521,0.929611192,0.897174109,0.460804074,0.353598727,0.366026343,0.382163669,0.388547697,0.41186265,0.404039363,0.392737627,0.354073056,0.308745625,0,0,0,0.416986424,0.413501204,0,0,0.430381447,0.443912766,0,0.433825,0.431628681,0.445047894,0.530336852,0.40826015,0.414982257,0.414604167,0.400379919,0.406325868,0.387964861,0.409452488,0.628947627,0.842889282,0.859568935,0.834157523,0.681539468,0.918196748,0.621681597,0.743020949,0.969781759,1.006093773,0.696928866,0.579679537,0.819303808,0.801562604,0.8300125,0.638347569,0.541912569,0.67488059,0.668588657,0.89129456,0.58785103,0.416734479,0.505635486,0.727369826,0.874192569,0.798854549,0.43672015,0.423361192,0.454303669,0.901511424,0.824441424,0.911453229,0.861868993,0.790357778,0.697782488,0.508767245,0.447437384,0.61104647,0.58412022,0.828740116,0.824568322,0.719681134,0.761427164,0.98045809,0.897111852,0.796775556,0.964087616,0.787620451,0.729240336,0.841420162,1.11272772,0.896965046,0.913000463,0.751427037,0.806736979,0.786262569,1.008283148,0.710480671,0.708602951,0.8956789,0.88630316,0.781593507,0.751278935,0.804958148,0.85176191,1.007370752,0.916588715,0.862892975,0.81050184,0.719775069,0.699704086,0.780030683,0.700809387,0.849217778,0.751066088,0.896097245,0.876077882,0.906566319,0.806856169,0.810014792,0.950538507,0.869420625,0.7997189,0.557825023,0.731237847,0.84966985,0.700756863,0.921399398,0.733791065,0.904733437,,,,,,,,,,,,,,,,,,,,,,,,,,,,,,,,,,,,,,,,,,,,,,,,,,,,,,,,,,,,,,,,,,,,,,,,,,,,,,,,,,,,,,,,,,,,,,,,,,,,,,,,,,,,,,,,,,,,,,,,,,,,,,,,,,,,,,,,,,,,,,,,,,,,,,,,,,,,,,,,,,,,,,,,,,,,,,,,,,,,,,,,,,,,,,,,,,,,,,,,,,,,,,,,,,,,,,,,,,,,,,,,,,,,,,,,,,,,,,,,,,,,,,,,,,,,,,,,,,,,,,,,,,,,,,,,,,,,,,,,,,,,,,,,,,,,,,,,,,,,,,,,,,,,,,,,,,,,,,,,,,,,,,,,,,,,,,,,,,,,,,,,,,,,,,,,,,,,,,,,,,,,,,,,,,,,,,,,,,,,,,,,,,,,,,,,,,,,,,,,,,,,,,,,,,,,,,,,,,,,,,,,,,,,,,,,,,,,,,,,,,,,,,,,,,,,,,,,,,,,
0.932896979,0.870592523,0.939636146,0.883906678,0.903668333,0.932007292,0.971239977,1.01149044,0.895199213,0.934342326,1.157661331,1.016429051,1.039505694,0.983859028,1.09108537,1.011689109,1.072917581,0.945110058,0.804548681,0.709185741,0.829531493,1.035630463,1.000888831,0.979166991,0.908747697,0.931661794,0.936350127,1.047444433,0.989115648,1.149442708,1.069913299,1.021956944,0.95477912,0.677100336,0.69418522,0.739573044,0.739861968,0.698922488,0.504497766,0.649229792,0.77637566,0.789970544,0.797391586,0.959890382,1.104122303,0.981037442,1.025454294,0.995922894,1.065810544,nan,1.152884433,1.072801146,1.171824942,1.291093519,1.132481481,1.128104282,0.957615023,0.914125648,1.00372162,1.110650625,1.01198037,1.073003565,1.03704294,1.000532384,0.998137824,1.03687265,1.064747419,0.969509456,1.0557011,0.993836574,0.992216354,0.913042535,0.92072735,0.950136632,0.936643461,1.113814109,0.984233623,1.081949167,1.016272199,1.116933646,1.185763553,1.09844684,1.073310069,1.101705729,1.155890833,1.009039225,1.066971088,1.142700463,1.081039294,1.07579566,1.017385104,1.124885856,1.230344398,1.396509803,1.38321787,1.056644919,1.370408681,1.43916375,1.382420532,1.247204294,1.035169387,1.247848576,1.841497118,1.053528785,1.10611272,1.710033414,0,1.106851736,1.156120972,1.156338275,0.954691609,0.920517199,0.93589515,1.1604839,1.159541123,1.235520081,1.107556215,1.20025735,1.156962755,1.280937431,1.13160875,1.172007859,1.16455625,1.795554259,1.432457118,1.078055058,1.34958037,1.199806481,1.325628264,1.047710428,1.292724688,1.350196794,1.163131609,1.46068,1.48598566,1.271424028,1.413344988,1.179054387,1.220131389,1.209072581,1.180951759,1.637074201,1.305180799,1.450628264,1.376798021,1.663354641,1.295177407,1.233530602,1.220141991,1.307404444,1.225303912,1.439145671,1.162672188,1.209915683,1.269527488,0.874802269,0,0,0.291389167,0.765657824,0.974575417,1.375685729,1.115993264,1.18166037,1.132315301,1.155162708,1.088790035,1.337989444,1.509837731,1.228898252,1.261482292,1.227787014,1.198303495,1.207781088,1.400313461,1.582736227,1.489008924,1.516767569,1.190952361,1.414753484,1.422511308,1.210670544,1.236035,1.307958634,,,,,,,,,,,,,,,,,,,,,,,,,,,,,,,,,,,,,,,,,,,,,,,,,,,,,,,,,,,,,,,,,,,,,,,,,,,,,,,,,,,,,,,,,,,,,,,,,,,,,,,,,,,,,,,,,,,,,,,,,,,,,,,,,,,,,,,,,,,,,,,,,,,,,,,,,,,,,,,,,,,,,,,,,,,,,,,,,,,,,,,,,,,,,,,,,,,,,,,,,,,,,,,,,,,,,,,,,,,,,,,,,,,,,,,,,,,,,,,,,,,,,,,,,,,,,,,,,,,,,,,,,,,,,,,,,,,,,,,,,,,,,,,,,,,,,,,,,,,,,,,,,,,,,,,,,,,,,,,,,,,,,,,,,,,,,,,,,,,,,,,,,,,,,,,,,,,,,,,,,,,,,,,,,,,,,,,,,,,,,,,,,,,,,,,,,,,,,,,,,,,,,,,,,,,,,,,,,,,,,,,,,,,,,,,,,,,,,,,,,,,,,,,,,,,,,,,,,,,,
1.726831563,1.839874248,2.156754363,1.569044792,1.58335463,1.563201817,1.715078727,1.809314213,1.65468316,1.963597303,1.387432292,1.65552838,1.871082882,1.965321134,1.981280683,1.699750521,2.729936898,1.60029265,1.401053264,1.256086713,1.460539954,1.310816447,1.536727095,1.715181146,1.368650359,1.375424468,1.369296539,0.984453287,0.962140694,0.903028021,1.03248162,1.25996338,1.144783067,0.961027442,1.115454479,1.967638426,1.479634051,1.833228484,1.463610451,1.59073772,1.347494687,1.508502894,1.547737778,1.759942118,2.145924005,1.149002685,1.655890243,1.611527419,1.474574329,1.450282581,2.02016816,2.325109688,1.615321204,1.89543015,1.422494676,1.381627627,1.46563287,1.665898877,2.030470417,1.699217257,1.836222627,1.443931609,1.468571088,1.712227373,1.721255,1.409503275,1.291029942,1.305600428,1.229353889,1.457311065,1.016120197,1.376084039,1.848232465,1.661977813,1.707369583,1.527151146,1.133199468,1.391345775,1.966809699,2.004243785,2.007482859,2.022422234,1.513505961,1.572068924,1.598357245,1.548160336,2.171572106,1.672691829,1.400247755,1.691137234,1.534998067,1.557583808,,,,,,,,,,,,,,,,,,,,,,,,,,,,,,,,,,,,,,,,,,,,,,,,,,,,,,,,,,,,,,,,,,,,,,,,,,,,,,,,,,,,,,,,,,,,,,,,,,,,,,,,,,,,,,,,,,,,,,,,,,,,,,,,,,,,,,,,,,,,,,,,,,,,,,,,,,,,,,,,,,,,,,,,,,,,,,,,,,,,,,,,,,,,,,,,,,,,,,,,,,,,,,,,,,,,,,,,,,,,,,,,,,,,,,,,,,,,,,,,,,,,,,,,,,,,,,,,,,,,,,,,,,,,,,,,,,,,,,,,,,,,,,,,,,,,,,,,,,,,,,,,,,,,,,,,,,,,,,,,,,,,,,,,,,,,,,,,,,,,,,,,,,,,,,,,,,,,,,,,,,,,,,,,,,,,,,,,,,,,,,,,,,,,,,,,,,,,,,,,,,,,,,,,,,,,,,,,,,,,,,,,,,,,,,,,,,,,,,,,,,,,,,,,,,,,,,,,,,,,,,,,,,,,,,,,,,,,,,,,,,,,,,,,,,,,,,,,,,,,,,,,,,,,,,,,,,,,,,,,,,,,,,,,,,,,,,,,,,,,,,,,,,,,,,,,
0.735546146,0.853272546,0.851200498,0.527263993,0.551358993,0.610150868,0.944761771,0.834874097,0.742861968,1.115061852,0.746346262,0.645328889,0.601510544,0.700543368,0.639071053,0.638752546,0.688133449,0.661378426,0.600718727,0.637188576,0.614038206,0.66068816,0.500254271,0.72106515,1.002496979,0.982497037,0.636218391,0.585965197,0.624829769,0.660284352,1.010140995,0.839561933,0.653353947,0.570382141,0.459144664,0.652957106,0.518568079,0.536171875,0.63432059,0.564107674,0.664930382,0.654078391,0.676483993,0.601099525,0.562766505,0.553882407,0.581528588,0.542420602,0.588672095,nan,0.819404271,0.817567199,0.923795694,0.94415287,0.729662488,0.69548735,0.83591412,0.689616586,0.928554965,0.832053287,0.68649456,0.704273623,0.668150671,0.691147477,0.52947235,0.717002292,0.719768565,0.668427894,0.732868356,0.766950197,0.789840336,0.539373229,0.448923519,0.529048391,0.650850313,0.636882616,0.716851574,0.662687963,0.57296985,0.759748403,0.894043484,0.714478681,0.840458183,0.787966458,0.783146817,0.750848368,0.87929206,0.795905498,0.853941192,0.920645822,0.838468218,0.744568137,,,,,,,,,,,,,,,,,,,,,,,,,,,,,,,,,,,,,,,,,,,,,,,,,,,,,,,,,,,,,,,,,,,,,,,,,,,,,,,,,,,,,,,,,,,,,,,,,,,,,,,,,,,,,,,,,,,,,,,,,,,,,,,,,,,,,,,,,,,,,,,,,,,,,,,,,,,,,,,,,,,,,,,,,,,,,,,,,,,,,,,,,,,,,,,,,,,,,,,,,,,,,,,,,,,,,,,,,,,,,,,,,,,,,,,,,,,,,,,,,,,,,,,,,,,,,,,,,,,,,,,,,,,,,,,,,,,,,,,,,,,,,,,,,,,,,,,,,,,,,,,,,,,,,,,,,,,,,,,,,,,,,,,,,,,,,,,,,,,,,,,,,,,,,,,,,,,,,,,,,,,,,,,,,,,,,,,,,,,,,,,,,,,,,,,,,,,,,,,,,,,,,,,,,,,,,,,,,,,,,,,,,,,,,,,,,,,,,,,,,,,,,,,,,,,,,,,,,,,,,,,,,,,,,,,,,,,,,,,,,,,,,,,,,,,,,,,,,,,,,,,,,,,,,,,,,,,,,,,,,,,,,,,,,,,,,,,,,,,,,,,,,,,,,,,,
1.583871678,1.202773634,1.248836898,0.991544259,2.264096771,1.97173485,1.602484988,1.571686505,1.410437882,1.968648542,2.146657697,1.70253412,2.008845949,1.689315579,1.835355995,1.804461481,2.3010725,1.390583808,0.826275995,1.120236308,1.699470197,1.680302222,1.748913692,2.230736644,1.617854583,1.749575706,2.331009907,2.440843495,1.941824641,1.767582546,1.482631991,1.302764074,1.382249653,0.818122014,1.546784838,2.005227708,1.511259468,2.024819954,1.027319317,1.616203611,2.634097002,1.85452037,2.025485139,2.354816991,2.168043947,2.180870405,2.278686505,2.240907222,1.960817789,2.565177523,2.681942569,1.73383544,1.70722978,1.492800405,1.410224294,1.792739583,2.643780799,2.064500394,1.8804689,1.62507287,2.077544757,2.327890266,2.16235265,2.486667442,1.939154907,2.52352184,2.354592662,2.810418843,2.162072755,2.236283137,2.037215174,1.477038796,1.481229248,2.1281439,1.841547431,1.98751316,2.081247083,1.804773414,1.936599722,2.694636701,1.962129606,1.977042396,2.440380914,2.045929155,2.05797088,1.995107639,2.034217813,2.028848206,2.456968229,1.987551146,2.358791481,1.943042095,,,,,,,,,,,,,,,,,,,,,,,,,,,,,,,,,,,,,,,,,,,,,,,,,,,,,,,,,,,,,,,,,,,,,,,,,,,,,,,,,,,,,,,,,,,,,,,,,,,,,,,,,,,,,,,,,,,,,,,,,,,,,,,,,,,,,,,,,,,,,,,,,,,,,,,,,,,,,,,,,,,,,,,,,,,,,,,,,,,,,,,,,,,,,,,,,,,,,,,,,,,,,,,,,,,,,,,,,,,,,,,,,,,,,,,,,,,,,,,,,,,,,,,,,,,,,,,,,,,,,,,,,,,,,,,,,,,,,,,,,,,,,,,,,,,,,,,,,,,,,,,,,,,,,,,,,,,,,,,,,,,,,,,,,,,,,,,,,,,,,,,,,,,,,,,,,,,,,,,,,,,,,,,,,,,,,,,,,,,,,,,,,,,,,,,,,,,,,,,,,,,,,,,,,,,,,,,,,,,,,,,,,,,,,,,,,,,,,,,,,,,,,,,,,,,,,,,,,,,,,,,,,,,,,,,,,,,,,,,,,,,,,,,,,,,,,,,,,,,,,,,,,,,,,,,,,,,,,,,,,,,,,,,,,,,,,,,,,,,,,,,,,,,,,,,,
0.711354942,0.699917778,1.014594641,0.669719757,0.658236065,0.730326933,0.612668472,0.659327303,0.430337558,0.561121354,0.726337431,0.745603426,0.669355845,0.745886354,0.641622095,0.433191343,0.540620521,0.596119317,0.551711794,0.555955162,0.61471875,0.719094201,0.921213981,0.713112627,0.706136111,0.618231806,0.636282963,0.805849306,0.650490671,0.832697847,0.86296081,0.748762616,0.66397662,0.411824884,0.373766806,0.393256204,0.395020856,0.64236191,0.680413634,0.482575289,0.672717662,0.577564016,0.654035509,0.783936782,1.071092153,0.801900532,0.741543275,0.701769225,0.651700532,0.597230081,0.53145772,0.642166586,0.802054595,0.729833125,0.686112072,0.612582292,0.706955926,0.705113391,0.842054965,0.739615023,0.612077627,0.648634757,0.687408773,0.755317361,0.729344792,0.846328056,0.778924688,0.753276262,0.793492859,0.699089086,0.768084572,0.932310069,0.817940116,0.744475278,0.639501586,0.63497478,0.665119097,0.634938854,0.759276852,1.110054699,0.705708704,0.730772616,0.778864132,0.7819936,0.716156238,0.976127245,1.065729051,0.731778565,0.717898194,0.767152454,0.759054271,0.643449086,,,,,,,,,,,,,,,,,,,,,,,,,,,,,,,,,,,,,,,,,,,,,,,,,,,,,,,,,,,,,,,,,,,,,,,,,,,,,,,,,,,,,,,,,,,,,,,,,,,,,,,,,,,,,,,,,,,,,,,,,,,,,,,,,,,,,,,,,,,,,,,,,,,,,,,,,,,,,,,,,,,,,,,,,,,,,,,,,,,,,,,,,,,,,,,,,,,,,,,,,,,,,,,,,,,,,,,,,,,,,,,,,,,,,,,,,,,,,,,,,,,,,,,,,,,,,,,,,,,,,,,,,,,,,,,,,,,,,,,,,,,,,,,,,,,,,,,,,,,,,,,,,,,,,,,,,,,,,,,,,,,,,,,,,,,,,,,,,,,,,,,,,,,,,,,,,,,,,,,,,,,,,,,,,,,,,,,,,,,,,,,,,,,,,,,,,,,,,,,,,,,,,,,,,,,,,,,,,,,,,,,,,,,,,,,,,,,,,,,,,,,,,,,,,,,,,,,,,,,,,,,,,,,,,,,,,,,,,,,,,,,,,,,,,,,,,,,,,,,,,,,,,,,,,,,,,,,,,,,,,,,,,,,,,,,,,,,,,,,,,,,,,,,,,,,,
1.013284329,1.182204826,1.132889491,0.916277535,1.042782199,1.226345,0.976965451,0.916013113,0.823932616,0.911286134,0.976414572,1.216451377,0.989317963,0.983087083,1.072720127,0.942430486,0.901080127,0.981913831,0.864157882,0.78499309,1.048355995,1.239446701,1.041413009,1.019785058,1.04340088,1.437566181,1.030105486,1.080562222,0.979456134,0.997242743,1.158815694,0.921862905,1.022498125,0.897693137,1.13552713,1.032339352,1.09089544,1.048292882,0.793639363,1.060491667,1.062812269,1.151080637,1.233073032,1.154820949,0.872704618,0.763920521,0.76743875,0.803218819,0.844652338,0.71912265,0.711634178,0.738701354,0.791992951,0.817309282,0.829765752,0.779037998,0.815003449,0.764471991,0.802361493,0.835205498,0.727589815,0.767380058,0.724863715,1.176850127,1.269251042,1.1929564,1.019654317,1.18097066,1.229603183,1.083195868,0.969842442,0.794305972,0.77198794,0.900835069,0.939376759,1.088595822,1.073247731,1.084269641,1.105625382,0.94607625,1.075755104,1.414669931,1.064629201,1.110889699,1.421083681,1.160838137,0.996408137,1.121758495,1.262783287,1.152394421,1.136438762,1.239122813,,,,,,,,,,,,,,,,,,,,,,,,,,,,,,,,,,,,,,,,,,,,,,,,,,,,,,,,,,,,,,,,,,,,,,,,,,,,,,,,,,,,,,,,,,,,,,,,,,,,,,,,,,,,,,,,,,,,,,,,,,,,,,,,,,,,,,,,,,,,,,,,,,,,,,,,,,,,,,,,,,,,,,,,,,,,,,,,,,,,,,,,,,,,,,,,,,,,,,,,,,,,,,,,,,,,,,,,,,,,,,,,,,,,,,,,,,,,,,,,,,,,,,,,,,,,,,,,,,,,,,,,,,,,,,,,,,,,,,,,,,,,,,,,,,,,,,,,,,,,,,,,,,,,,,,,,,,,,,,,,,,,,,,,,,,,,,,,,,,,,,,,,,,,,,,,,,,,,,,,,,,,,,,,,,,,,,,,,,,,,,,,,,,,,,,,,,,,,,,,,,,,,,,,,,,,,,,,,,,,,,,,,,,,,,,,,,,,,,,,,,,,,,,,,,,,,,,,,,,,,,,,,,,,,,,,,,,,,,,,,,,,,,,,,,,,,,,,,,,,,,,,,,,,,,,,,,,,,,,,,,,,,,,,,,,,,,,,,,,,,,,,,,,,,,,,
1.050700775,1.013612894,1.211270417,1.23230559,1.002272025,1.174907025,1.201002292,1.028506539,0.909037627,0.950700347,1.248059375,0.975835058,1.046228542,0.994518484,0.936661146,0.91388353,0.867940116,1.261745336,0.808942523,0.790559618,1.106853692,1.113494155,1.143619028,1.102347164,1.36254875,1.108175058,1.27098,1.095945104,1.016112975,0.944201308,1.047823368,1.588673414,1.126308727,0.726262072,1.062354329,1.045969051,1.009726481,0.989351944,1.241053819,0.956440567,1.152562419,1.152042315,1.039752118,1.03557419,1.115754306,1.629596169,1.075523125,1.21753588,1.249424468,nan,nan,0.821940903,0.964295266,1.416300961,1.234406192,1.076492569,1.08080934,1.126238831,1.356591493,1.720105,1.18910456,1.14769787,1.094716169,1.084368681,1.033472234,1.59926397,1.122045822,0.912715174,0.866336944,0.711872488,0.664862755,0.544645382,0.672785741,1.337081516,0.963438935,1.084508854,1.157904271,1.041794931,1.089571238,1.151984352,1.459520243,1.184799722,1.281308819,1.237847164,1.079947454,1.065235162,1.244065058,1.687449734,1.050845822,1.092139063,1.124174676,1.072216817,0.774219491,0.857951377,0.863348681,0.934554352,1.103501991,1.311576157,1.089929363,0.930465799,1.06097728,0.410359792,0.714987164,0.674161481,0.689077222,0.696920336,0.543539502,0.5209075,1.015049769,0.946571088,1.292724595,1.091677917,0.683402199,0.639783553,0.444197292,0.346189803,0.335470509,0.375403056,0.356257512,0.353142581,0.34820875,0.659256748,1.038384711,0.847140718,0.663722176,0.936079549,0.901951875,0.82738706,0.878382963,1.327993981,0.871153287,0.969659491,0.846391863,0.848671053,1.005511528,0.92035559,0.862808194,0.857459109,0.818857245,0.830382049,0.77655772,0.786898819,0.786913738,1.311102373,0.957271551,1.042279583,0.924928438,1.047494271,0.820968368,1.028681019,1.124562106,0.853270301,0.749162095,0.724735278,0.801916771,0.754337025,1.027828981,1.276106759,0.815503125,0.817714132,0.923377986,0.837666331,0.837833414,0.737994954,0.539906053,0.640914931,0.642655845,0.645790961,0.63058956,0.452035336,0.494013426,0.855146181,0.844725347,0.768536181,0.824400035,0.917602917,0.952318843,0.886362546,0.972837801,1.023977037,0.877848032,0.865570671,0.909580451,0.852717407,,,,,,,,,,,,,,,,,,,,,,,,,,,,,,,,,,,,,,,,,,,,,,,,,,,,,,,,,,,,,,,,,,,,,,,,,,,,,,,,,,,,,,,,,,,,,,,,,,,,,,,,,,,,,,,,,,,,,,,,,,,,,,,,,,,,,,,,,,,,,,,,,,,,,,,,,,,,,,,,,,,,,,,,,,,,,,,,,,,,,,,,,,,,,,,,,,,,,,,,,,,,,,,,,,,,,,,,,,,,,,,,,,,,,,,,,,,,,,,,,,,,,,,,,,,,,,,,,,,,,,,,,,,,,,,,,,,,,,,,,,,,,,,,,,,,,,,,,,,,,,,,,,,,,,,,,,,,,,,,,,,,,,,,,,,,,,,,,,,,,,,,,,,,,,,,,,,,,,,,,,,,,,,,,,,,,,,,,,,,,,,,,,,,,,,,,,,,,,,,,,,,,,,,,,,,,,,,,,,,,,,,,,,,,,,,,,,,,,,,,,,,,,,,,,,,,,,,,,,,
2.174361169,3.228651898,2.138898935,2.451598032,2.995490764,2.543914907,2.606446505,2.147286852,2.809588611,2.323110799,2.294020752,2.531806273,2.860957986,2.053231898,1.819582975,2.35451603,2.338217801,2.506495752,2.64902147,2.783889572,2.312113993,2.052057685,2.322318194,2.915283785,2.107864699,2.650791644,2.191146435,2.418037373,1.997679606,3.010601539,2.05910228,2.149640718,2.502942407,2.761896771,2.712639595,2.264933333,3.364342616,2.357327153,2.168297951,2.387358461,2.395105984,2.638028912,2.10957206,2.463865278,2.115200035,2.342012523,2.228202269,2.460003056,2.181157731,2.915203171,2.605059236,2.401456933,2.164251898,2.357129861,1.942479201,2.062340463,2.057883519,1.955221308,1.853961701,2.070841794,1.865825972,1.797126493,1.90007831,2.043296076,1.858187766,1.871250995,2.012616377,1.908887951,1.914554873,1.967377963,2.10150559,1.94604684,2.101669954,2.387211921,2.070723125,1.896767523,1.91179463,2.517079583,2.274113588,1.791543079,2.301918241,2.370670544,2.218297222,1.897230382,2.340185579,2.138887836,2.323333715,2.181708877,2.385854062,1.904463634,2.318295394,2.207028206,,,,,,,,,,,,,,,,,,,,,,,,,,,,,,,,,,,,,,,,,,,,,,,,,,,,,,,,,,,,,,,,,,,,,,,,,,,,,,,,,,,,,,,,,,,,,,,,,,,,,,,,,,,,,,,,,,,,,,,,,,,,,,,,,,,,,,,,,,,,,,,,,,,,,,,,,,,,,,,,,,,,,,,,,,,,,,,,,,,,,,,,,,,,,,,,,,,,,,,,,,,,,,,,,,,,,,,,,,,,,,,,,,,,,,,,,,,,,,,,,,,,,,,,,,,,,,,,,,,,,,,,,,,,,,,,,,,,,,,,,,,,,,,,,,,,,,,,,,,,,,,,,,,,,,,,,,,,,,,,,,,,,,,,,,,,,,,,,,,,,,,,,,,,,,,,,,,,,,,,,,,,,,,,,,,,,,,,,,,,,,,,,,,,,,,,,,,,,,,,,,,,,,,,,,,,,,,,,,,,,,,,,,,,,,,,,,,,,,,,,,,,,,,,,,,,,,,,,,,,,,,,,,,,,,,,,,,,,,,,,,,,,,,,,,,,,,,,,,,,,,,,,,,,,,,,,,,,,,,,,,,,,,,,,,,,,,,,,,,,,,,,,,,,,,,,
0.58824478,0.624610926,0.619963345,0.507136146,0.585168032,0.645515833,0.597651933,0.574425324,0.555442535,0.591192315,0.588367141,0.615767697,0.591387755,0.606743854,0.56428059,0.557512141,0.553131169,0.739366435,0.656278044,0.634526238,0.758726343,0.804998021,0.846485845,0.798050671,0.719650093,0.753755231,0.827455984,0.812662731,0.805133935,0.826156262,0.845502049,0.765492917,0.797585752,0.756587847,0.696645648,nan,nan,nan,nan,0.694994699,0.722298403,0.78914515,0.749705718,0.780446354,0.766566921,0.788120741,0.797734769,0.816929641,0.926192095,0.826188912,1.013272593,0.858032546,0.956973565,0.876868032,0.758786458,0.853149086,0.879409792,0.987062593,0.944248229,0.901865671,0.750124653,0.834176806,0.860061817,0.812327211,0.798285162,0.782181169,0.783705278,0.863426192,0.875189271,0.84854956,0.861436111,0.51884235,0.499895405,0.645082326,0.620385995,0.738247315,0.822031204,0.961820185,0.847136146,0.80744662,0.788261007,0.795117512,0.889914062,0.910293206,0.740600718,0.625993681,0.643529931,0.637252743,0.686234479,0.723865058,0.81171331,0.79917559,,,,,,,,,,,,,,,,,,,,,,,,,,,,,,,,,,,,,,,,,,,,,,,,,,,,,,,,,,,,,,,,,,,,,,,,,,,,,,,,,,,,,,,,,,,,,,,,,,,,,,,,,,,,,,,,,,,,,,,,,,,,,,,,,,,,,,,,,,,,,,,,,,,,,,,,,,,,,,,,,,,,,,,,,,,,,,,,,,,,,,,,,,,,,,,,,,,,,,,,,,,,,,,,,,,,,,,,,,,,,,,,,,,,,,,,,,,,,,,,,,,,,,,,,,,,,,,,,,,,,,,,,,,,,,,,,,,,,,,,,,,,,,,,,,,,,,,,,,,,,,,,,,,,,,,,,,,,,,,,,,,,,,,,,,,,,,,,,,,,,,,,,,,,,,,,,,,,,,,,,,,,,,,,,,,,,,,,,,,,,,,,,,,,,,,,,,,,,,,,,,,,,,,,,,,,,,,,,,,,,,,,,,,,,,,,,,,,,,,,,,,,,,,,,,,,,,,,,,,,,,,,,,,,,,,,,,,,,,,,,,,,,,,,,,,,,,,,,,,,,,,,,,,,,,,,,,,,,,,,,,,,,,,,,,,,,,,,,,,,,,,,,,,,,,,,
0.576191597,0.618723264,0.844563449,0.706322963,0.604376354,0.697735764,0.562826921,0.551116111,0.754203067,0.636053796,0.593357292,0.691443137,0.718851806,0.713971806,0.678258391,0.427330185,0.659599815,0.645968553,0.621867708,0.438257465,0.580294109,0.555981655,0.620493819,0.626356042,0.654346875,0.568629479,0.495284861,0.571956123,0.621443113,0.657043079,0.512201238,0.644995162,0.52757588,0.510500903,0.550387789,0.619581806,0.650102396,0.522753461,0.788818299,0.658597269,0.502290694,0.720634433,0.556208796,0.57205375,0.540953762,0.609882442,0.794680521,0.777812674,0.645791563,0.386977685,0.357652593,0.455232951,0.596940741,0.585341655,0.650844016,0.485747766,0.577742106,0.57587912,0.605382813,0.599872211,0.904716377,0.609529525,0.620053472,0.652686354,0.463756285,0.511694826,0.531006134,0.575471435,0.764139572,0.512199595,0.700954248,0.64105875,0.54723934,0.719407963,0.53207397,0.53414125,0.54346147,0.4832661,0.679875417,0.668582593,0.639583924,0.83969,1.019288819,0.744456007,0.658051806,0.658480961,0.476429803,0.559954306,0.58692544,0.538275556,0.513669097,0.601341956,,,,,,,,,,,,,,,,,,,,,,,,,,,,,,,,,,,,,,,,,,,,,,,,,,,,,,,,,,,,,,,,,,,,,,,,,,,,,,,,,,,,,,,,,,,,,,,,,,,,,,,,,,,,,,,,,,,,,,,,,,,,,,,,,,,,,,,,,,,,,,,,,,,,,,,,,,,,,,,,,,,,,,,,,,,,,,,,,,,,,,,,,,,,,,,,,,,,,,,,,,,,,,,,,,,,,,,,,,,,,,,,,,,,,,,,,,,,,,,,,,,,,,,,,,,,,,,,,,,,,,,,,,,,,,,,,,,,,,,,,,,,,,,,,,,,,,,,,,,,,,,,,,,,,,,,,,,,,,,,,,,,,,,,,,,,,,,,,,,,,,,,,,,,,,,,,,,,,,,,,,,,,,,,,,,,,,,,,,,,,,,,,,,,,,,,,,,,,,,,,,,,,,,,,,,,,,,,,,,,,,,,,,,,,,,,,,,,,,,,,,,,,,,,,,,,,,,,,,,,,,,,,,,,,,,,,,,,,,,,,,,,,,,,,,,,,,,,,,,,,,,,,,,,,,,,,,,,,,,,,,,,,,,,,,,,,,,,,,,,,,,,,,,,,,,,
1.162855856,2.057607002,1.530541308,1.271795799,0.922700671,1.469932824,0.940650833,0.965920428,0.947839537,0.704133866,0.844285012,1.024531192,1.178646169,1.054189606,1.521710336,1.34337522,0.886804514,1.124358519,0.861338981,0.985497083,1.236693449,1.001253461,1.4264836,1.15540978,1.267148403,1.470499051,1.273561238,1.175086539,1.086162859,1.357540938,1.523719919,1.116580417,1.259903194,2.214733993,1.447549688,1.687621308,1.570640648,1.023558704,1.188581562,1.616414711,1.428708657,1.502147882,1.490052581,1.309579421,1.491576516,1.173221111,1.644498576,1.741039919,1.287120174,1.762403287,1.269367512,1.731449803,1.740399363,1.739800799,1.410403762,1.349177697,1.567380046,1.321565556,1.41787191,1.458042014,1.516616331,1.740499063,1.254775243,1.411143553,1.548508727,1.018829178,1.08058588,1.327628449,1.261644757,1.170900313,1.118809039,0.8147975,0.954077431,1.012479838,1.285986944,1.212946123,1.061898808,1.457426181,1.220181968,1.324600845,1.129102604,1.457057234,1.012316806,1.096375278,2.514972153,1.108854826,1.110205324,1.369777222,1.40124044,1.438276019,1.253359525,1.508435498,,,,,,,,,,,,,,,,,,,,,,,,,,,,,,,,,,,,,,,,,,,,,,,,,,,,,,,,,,,,,,,,,,,,,,,,,,,,,,,,,,,,,,,,,,,,,,,,,,,,,,,,,,,,,,,,,,,,,,,,,,,,,,,,,,,,,,,,,,,,,,,,,,,,,,,,,,,,,,,,,,,,,,,,,,,,,,,,,,,,,,,,,,,,,,,,,,,,,,,,,,,,,,,,,,,,,,,,,,,,,,,,,,,,,,,,,,,,,,,,,,,,,,,,,,,,,,,,,,,,,,,,,,,,,,,,,,,,,,,,,,,,,,,,,,,,,,,,,,,,,,,,,,,,,,,,,,,,,,,,,,,,,,,,,,,,,,,,,,,,,,,,,,,,,,,,,,,,,,,,,,,,,,,,,,,,,,,,,,,,,,,,,,,,,,,,,,,,,,,,,,,,,,,,,,,,,,,,,,,,,,,,,,,,,,,,,,,,,,,,,,,,,,,,,,,,,,,,,,,,,,,,,,,,,,,,,,,,,,,,,,,,,,,,,,,,,,,,,,,,,,,,,,,,,,,,,,,,,,,,,,,,,,,,,,,,,,,,,,,,,,,,,,,,,,,,
nan,nan,nan,nan,nan,2.566876586,2.693808912,2.481381933,2.326445995,2.393021701,2.432913727,2.499210336,2.681005729,2.401188125,2.484982037,2.596794132,2.354980833,2.296573495,2.131754074,1.200678808,0.99866044,1.177281053,1.15972581,1.153238576,1.217340544,2.097065764,1.927950324,2.11502713,2.349368079,2.613060428,2.453926713,2.324261262,2.316257014,1.632855532,1.878327685,1.980636852,2.035500613,2.442631597,1.952064838,2.12732831,2.220009051,2.013584444,2.359683704,2.445986447,2.504796713,2.279318507,2.316023472,2.246940775,2.076142118,2.273664734,2.370834688,2.397970104,2.209307523,2.188202569,2.026043079,1.939199456,2.206032558,2.555712407,2.630144317,2.879565764,2.273328819,2.214099213,1.324221644,1.188574803,1.153226875,1.207017326,1.430705671,1.794319236,2.026399317,1.753002176,1.890769282,2.254507755,2.037936412,2.295275868,2.479912824,2.652078738,2.344532546,2.467736146,2.903756713,3.192539502,2.577365,2.538154699,2.515141748,2.599664792,2.754384583,3.049145752,3.003586759,2.75120125,2.666728762,2.611936181,2.586672928,2.468918889,,,,,,,,,,,,,,,,,,,,,,,,,,,,,,,,,,,,,,,,,,,,,,,,,,,,,,,,,,,,,,,,,,,,,,,,,,,,,,,,,,,,,,,,,,,,,,,,,,,,,,,,,,,,,,,,,,,,,,,,,,,,,,,,,,,,,,,,,,,,,,,,,,,,,,,,,,,,,,,,,,,,,,,,,,,,,,,,,,,,,,,,,,,,,,,,,,,,,,,,,,,,,,,,,,,,,,,,,,,,,,,,,,,,,,,,,,,,,,,,,,,,,,,,,,,,,,,,,,,,,,,,,,,,,,,,,,,,,,,,,,,,,,,,,,,,,,,,,,,,,,,,,,,,,,,,,,,,,,,,,,,,,,,,,,,,,,,,,,,,,,,,,,,,,,,,,,,,,,,,,,,,,,,,,,,,,,,,,,,,,,,,,,,,,,,,,,,,,,,,,,,,,,,,,,,,,,,,,,,,,,,,,,,,,,,,,,,,,,,,,,,,,,,,,,,,,,,,,,,,,,,,,,,,,,,,,,,,,,,,,,,,,,,,,,,,,,,,,,,,,,,,,,,,,,,,,,,,,,,,,,,,,,,,,,,,,,,,,,,,,,,,,,,,,,,,
1.052988912,1.727897824,1.438689537,1.243511366,1.064528808,1.312156377,1.049178264,1.272480752,1.467391713,1.424116713,0.966942847,1.081621493,1.287269803,1.47399103,1.314608287,1.170247882,0.819354132,0.825606019,1.318408611,0.904815313,1.164125868,1.412761157,1.986026725,1.65121338,1.031804664,0.983560706,0.956049664,0.857158356,1.225178762,1.869948669,1.44520272,0.862218854,1.46351419,1.447182049,0.896601632,1.343629468,1.648997153,1.391713461,1.118098773,0.861434387,1.075445197,1.073607813,1.818574086,1.561709884,1.325554873,1.223323345,1.487414491,1.585966481,1.300441493,1.739444074,1.577281215,1.812684954,1.356784919,1.594546088,1.104476655,1.226497928,1.096879329,2.109989838,1.583172488,1.291347662,1.166286829,0.919599653,1.114626655,0.94092603,1.562714942,0.911301204,1.053502859,1.162852014,0.713391192,0.698943819,0.681118333,1.634667407,1.270181157,1.369392905,1.075760347,1.33649787,0.989802755,1.129218484,1.628029792,1.35281397,0.773633241,0.923553993,1.776089722,1.354203252,1.005236435,1.881671817,1.016922002,1.412020683,1.109253588,1.069359954,1.130750544,2.724640162,,,,,,,,,,,,,,,,,,,,,,,,,,,,,,,,,,,,,,,,,,,,,,,,,,,,,,,,,,,,,,,,,,,,,,,,,,,,,,,,,,,,,,,,,,,,,,,,,,,,,,,,,,,,,,,,,,,,,,,,,,,,,,,,,,,,,,,,,,,,,,,,,,,,,,,,,,,,,,,,,,,,,,,,,,,,,,,,,,,,,,,,,,,,,,,,,,,,,,,,,,,,,,,,,,,,,,,,,,,,,,,,,,,,,,,,,,,,,,,,,,,,,,,,,,,,,,,,,,,,,,,,,,,,,,,,,,,,,,,,,,,,,,,,,,,,,,,,,,,,,,,,,,,,,,,,,,,,,,,,,,,,,,,,,,,,,,,,,,,,,,,,,,,,,,,,,,,,,,,,,,,,,,,,,,,,,,,,,,,,,,,,,,,,,,,,,,,,,,,,,,,,,,,,,,,,,,,,,,,,,,,,,,,,,,,,,,,,,,,,,,,,,,,,,,,,,,,,,,,,,,,,,,,,,,,,,,,,,,,,,,,,,,,,,,,,,,,,,,,,,,,,,,,,,,,,,,,,,,,,,,,,,,,,,,,,,,,,,,,,,,,,,,,,,,,,
0.54560353,0.750255764,0.789434687,0,nan,nan,nan,nan,nan,nan,nan,nan,nan,nan,nan,nan,nan,nan,nan,0,0.617729282,0.667329896,0.780075799,0.925139514,0.618952164,0.558705961,0.638783646,0.564069421,0.564664144,0.877328079,0.690421007,0.769744711,0.89625331,0.67854603,0.790541632,0.731381019,0.667860625,0.614508287,0.561557164,1.058661701,0.746349294,0.830652512,0.551608391,0.721205903,0.884413692,0.621958102,0.690374606,0.648437593,0.751054097,0.670013692,0.887851852,0.654322257,0.62867463,0.660274745,0.712772292,0.557809167,0.555397604,0.842645475,0.689989861,0.603522986,0.674393866,0.69883566,0.727694213,0.900532465,0.893971609,0.790146366,0.871071296,0.576136262,0.683368194,0.565276944,0.503707708,0.706852546,0.612950648,1.057686458,0.820654931,0.608503704,0.60457537,0.831863113,0.890380579,0.817140162,0.592908102,0.620728542,0.584252384,0.580554259,0.567363981,1.261311377,0.703019271,0.578819792,0.641641956,0.588946736,0.523935903,0.55353772,,,,,,,,,,,,,,,,,,,,,,,,,,,,,,,,,,,,,,,,,,,,,,,,,,,,,,,,,,,,,,,,,,,,,,,,,,,,,,,,,,,,,,,,,,,,,,,,,,,,,,,,,,,,,,,,,,,,,,,,,,,,,,,,,,,,,,,,,,,,,,,,,,,,,,,,,,,,,,,,,,,,,,,,,,,,,,,,,,,,,,,,,,,,,,,,,,,,,,,,,,,,,,,,,,,,,,,,,,,,,,,,,,,,,,,,,,,,,,,,,,,,,,,,,,,,,,,,,,,,,,,,,,,,,,,,,,,,,,,,,,,,,,,,,,,,,,,,,,,,,,,,,,,,,,,,,,,,,,,,,,,,,,,,,,,,,,,,,,,,,,,,,,,,,,,,,,,,,,,,,,,,,,,,,,,,,,,,,,,,,,,,,,,,,,,,,,,,,,,,,,,,,,,,,,,,,,,,,,,,,,,,,,,,,,,,,,,,,,,,,,,,,,,,,,,,,,,,,,,,,,,,,,,,,,,,,,,,,,,,,,,,,,,,,,,,,,,,,,,,,,,,,,,,,,,,,,,,,,,,,,,,,,,,,,,,,,,,,,,,,,,,,,,,,,,,
1.566708287,1.436550775,1.661938403,1.243820069,1.379174028,1.387686181,1.4267736,1.56144088,1.64405985,2.270154815,1.743295787,1.387137859,1.277918611,1.410460845,1.236357604,1.368724525,1.519364479,1.612480046,1.643678125,1.5929339,1.564197222,1.812862188,1.623019491,1.521154803,1.912721701,1.648833449,1.71465853,1.90750816,1.9843464,1.825889063,1.724215289,1.894154653,2.047832755,1.74774037,1.614856817,2.00894588,1.828360799,1.671679352,1.551409919,1.741518056,1.979901377,1.898339016,2.321861921,1.852915822,1.963656065,1.920739259,1.926613218,2.08481941,1.986482847,nan,1.871719676,1.927936227,1.983931655,2.263895255,2.148765799,2.148337442,1.804684838,2.153603368,1.610253773,1.428774039,1.364722789,1.527864444,1.834930255,1.927964907,1.864190822,1.85022588,1.436657245,1.174313738,1.211064641,1.196349479,1.253185868,1.675250567,1.426201794,1.368219572,1.311266586,1.452313403,1.373174537,1.550489028,1.620735266,1.5002261,1.419372755,1.411349884,1.525640868,1.480238796,1.38127485,1.509099699,1.627809201,1.52135,1.512403449,1.456850625,1.435602731,1.465741181,,,,,,,,,,,,,,,,,,,,,,,,,,,,,,,,,,,,,,,,,,,,,,,,,,,,,,,,,,,,,,,,,,,,,,,,,,,,,,,,,,,,,,,,,,,,,,,,,,,,,,,,,,,,,,,,,,,,,,,,,,,,,,,,,,,,,,,,,,,,,,,,,,,,,,,,,,,,,,,,,,,,,,,,,,,,,,,,,,,,,,,,,,,,,,,,,,,,,,,,,,,,,,,,,,,,,,,,,,,,,,,,,,,,,,,,,,,,,,,,,,,,,,,,,,,,,,,,,,,,,,,,,,,,,,,,,,,,,,,,,,,,,,,,,,,,,,,,,,,,,,,,,,,,,,,,,,,,,,,,,,,,,,,,,,,,,,,,,,,,,,,,,,,,,,,,,,,,,,,,,,,,,,,,,,,,,,,,,,,,,,,,,,,,,,,,,,,,,,,,,,,,,,,,,,,,,,,,,,,,,,,,,,,,,,,,,,,,,,,,,,,,,,,,,,,,,,,,,,,,,,,,,,,,,,,,,,,,,,,,,,,,,,,,,,,,,,,,,,,,,,,,,,,,,,,,,,,,,,,,,,,,,,,,,,,,,,,,,,,,,,,,,,,,,,,,
0.554572894,0.67079816,0.790364387,0.631135208,0.934461898,0.633997211,1.032558924,0.908370822,0.803522998,0.653603021,0.625225752,0.691195116,0.698744595,0.649090602,0.864698356,0.80660088,0.781245289,0.622809792,0.556524745,0.587932049,0.644740903,0.695391412,0.660706308,0.609337465,0.65581809,1.00312588,0.802359688,0.701168588,0.834678472,0.84395647,0.685714039,0.827915266,0.634630081,0.6274261,0.508798831,0.531220856,0.498820752,0.6478911,0.565692257,0.64578441,0.708662188,0.775387118,0.645942338,1.022520648,0.786960984,0.644641262,0.680003785,0.814312824,1.060033067,0.746584722,0.72737287,0.737408762,0.767648264,1.002266956,0.664573519,0.664685683,0.68176537,0.815372743,0.639942187,0.616573461,0.560802465,0.561478634,0.83158044,0.601432106,0.580587697,1.005424711,0.660749201,0.668636389,0.850795127,0.66068228,0.628865162,0.66009103,0.568422188,0.556657199,0.607105475,0.606834178,0.573973264,0.657391331,0.632303924,0.622822905,0.663887118,1.22895412,1.009353275,0.843470127,0.675907419,0.712360243,0.826292083,0.805963391,0.728888981,0.655592407,0.706821574,0.691780081,,,,,,,,,,,,,,,,,,,,,,,,,,,,,,,,,,,,,,,,,,,,,,,,,,,,,,,,,,,,,,,,,,,,,,,,,,,,,,,,,,,,,,,,,,,,,,,,,,,,,,,,,,,,,,,,,,,,,,,,,,,,,,,,,,,,,,,,,,,,,,,,,,,,,,,,,,,,,,,,,,,,,,,,,,,,,,,,,,,,,,,,,,,,,,,,,,,,,,,,,,,,,,,,,,,,,,,,,,,,,,,,,,,,,,,,,,,,,,,,,,,,,,,,,,,,,,,,,,,,,,,,,,,,,,,,,,,,,,,,,,,,,,,,,,,,,,,,,,,,,,,,,,,,,,,,,,,,,,,,,,,,,,,,,,,,,,,,,,,,,,,,,,,,,,,,,,,,,,,,,,,,,,,,,,,,,,,,,,,,,,,,,,,,,,,,,,,,,,,,,,,,,,,,,,,,,,,,,,,,,,,,,,,,,,,,,,,,,,,,,,,,,,,,,,,,,,,,,,,,,,,,,,,,,,,,,,,,,,,,,,,,,,,,,,,,,,,,,,,,,,,,,,,,,,,,,,,,,,,,,,,,,,,,,,,,,,,,,,,,,,,,,,,,,,,,
1.036948773,1.132922419,1.021247326,0.987923183,1.005158067,1.051143137,1.034693796,1.04310228,1.037545359,1.055769236,1.169784988,1.645577211,1.815320729,1.915726968,1.559126227,1.664796863,1.319766551,1.865214444,1.485298287,1.485035417,1.882157569,1.515280035,1.726625613,1.730353403,1.541683681,2.064929398,1.486208657,1.467874583,1.53015066,1.410651319,2.006859005,1.539344271,1.530310856,1.515349606,1.919630498,1.611402257,1.326831447,1.776972639,1.878534479,1.602083137,1.444245729,1.378036782,1.294772639,1.385282836,1.373217697,1.437817454,1.926335891,1.507258206,1.577887384,nan,1.43403419,1.845690208,1.926354931,1.60779,1.371501736,1.341644306,1.605101539,1.959431227,1.776997106,1.509716192,2.018275405,1.440342488,1.852068519,1.64329125,1.659429444,2.153016389,1.386931134,1.664105,1.39188213,1.820951481,1.986105347,1.428151562,1.644525567,1.646467373,1.702668032,1.593316644,2.040589988,2.028220914,1.958448356,1.958921817,1.689388704,1.956692234,1.91685603,1.893280127,2.030914757,1.966815718,1.552389363,1.972209502,1.519295926,1.652895984,1.561918252,1.536023762,,,,,,,,,,,,,,,,,,,,,,,,,,,,,,,,,,,,,,,,,,,,,,,,,,,,,,,,,,,,,,,,,,,,,,,,,,,,,,,,,,,,,,,,,,,,,,,,,,,,,,,,,,,,,,,,,,,,,,,,,,,,,,,,,,,,,,,,,,,,,,,,,,,,,,,,,,,,,,,,,,,,,,,,,,,,,,,,,,,,,,,,,,,,,,,,,,,,,,,,,,,,,,,,,,,,,,,,,,,,,,,,,,,,,,,,,,,,,,,,,,,,,,,,,,,,,,,,,,,,,,,,,,,,,,,,,,,,,,,,,,,,,,,,,,,,,,,,,,,,,,,,,,,,,,,,,,,,,,,,,,,,,,,,,,,,,,,,,,,,,,,,,,,,,,,,,,,,,,,,,,,,,,,,,,,,,,,,,,,,,,,,,,,,,,,,,,,,,,,,,,,,,,,,,,,,,,,,,,,,,,,,,,,,,,,,,,,,,,,,,,,,,,,,,,,,,,,,,,,,,,,,,,,,,,,,,,,,,,,,,,,,,,,,,,,,,,,,,,,,,,,,,,,,,,,,,,,,,,,,,,,,,,,,,,,,,,,,,,,,,,,,,,,,,,,,
0.542398287,0.596662222,1.072303715,0.603047512,0.816722002,0.514701644,0.412884757,0.560006944,0.527725289,0.535519201,0.559264132,0.602066655,0.693613472,0.486014757,0.381691725,0.373869132,0.369324792,0.374640752,0.416088345,0.427801215,0.432693773,0.44121206,0.450056296,0.455617315,0.449065174,0.493347095,0.966387396,0.84123037,0.655306713,0.571262836,0.756557477,0.807690683,0.652287755,0.622680046,0.590925046,0.595059525,0.680570903,0.989014688,0.688700289,0.580558438,0.644276528,0.599170903,0.696229907,0.60395103,0.978898287,0.566411447,0.607728391,0.654493576,0.658498507,0.667191551,0.596503738,0.985359537,0.654644826,0.635518785,0.626300405,0.628328611,0.677014734,0.721736771,0.911793854,0.669135845,0.583152199,0.614012037,0.589067523,0.618237743,0.623041759,0.87458919,0.589888785,0.69167015,0.605849387,0.616135,0.913463762,0.474608912,0.507419086,0.376398704,0.378130625,0.431759537,0.400424942,0.396553681,0.393594537,0.39709037,0.396379988,0.393338623,0.402228692,0.398779236,0.39529037,0.433963299,0.887814954,0.528510532,0.659035139,0.652419016,0.634984907,0.616624468,,,,,,,,,,,,,,,,,,,,,,,,,,,,,,,,,,,,,,,,,,,,,,,,,,,,,,,,,,,,,,,,,,,,,,,,,,,,,,,,,,,,,,,,,,,,,,,,,,,,,,,,,,,,,,,,,,,,,,,,,,,,,,,,,,,,,,,,,,,,,,,,,,,,,,,,,,,,,,,,,,,,,,,,,,,,,,,,,,,,,,,,,,,,,,,,,,,,,,,,,,,,,,,,,,,,,,,,,,,,,,,,,,,,,,,,,,,,,,,,,,,,,,,,,,,,,,,,,,,,,,,,,,,,,,,,,,,,,,,,,,,,,,,,,,,,,,,,,,,,,,,,,,,,,,,,,,,,,,,,,,,,,,,,,,,,,,,,,,,,,,,,,,,,,,,,,,,,,,,,,,,,,,,,,,,,,,,,,,,,,,,,,,,,,,,,,,,,,,,,,,,,,,,,,,,,,,,,,,,,,,,,,,,,,,,,,,,,,,,,,,,,,,,,,,,,,,,,,,,,,,,,,,,,,,,,,,,,,,,,,,,,,,,,,,,,,,,,,,,,,,,,,,,,,,,,,,,,,,,,,,,,,,,,,,,,,,,,,,,,,,,,,,,,,,,,
1.304131319,1.207017014,1.814435069,1.025042037,1.059910775,1.181160058,1.034029965,1.089412245,1.015522361,1.319153449,1.132733738,1.253861435,1.546081539,1.005203287,1.224273924,1.142401898,1.230261701,1.389299213,1.699721597,1.378243495,1.314133947,2.060615394,1.501183171,1.482898044,1.120736146,1.073733866,1.094459387,1.08775522,1.091062581,1.209376678,1.186958715,1.075539097,1.102789688,1.203989572,0.986210243,1.155013102,1.524114525,1.435486204,1.580085278,1.251753148,1.35575647,1.492534282,1.879391759,1.360878102,1.274587338,1.680625266,1.284972361,1.390063773,1.265707488,1.966395093,0.605836505,0,0,0,0,0,0,0,0,0,0,0,0,0,0,0,0,0,0,1.960601632,1.371756875,1.097384468,1.087948275,0.953156134,1.147719931,1.089876493,0.932402708,0.935029468,0.968651597,0.948847222,0.967953542,0.975531192,0.981436238,0.972803796,0.953264653,0.952667917,0.954971632,0.957611134,0.960704421,0.954514444,1.391126435,1.596774745,,,,,,,,,,,,,,,,,,,,,,,,,,,,,,,,,,,,,,,,,,,,,,,,,,,,,,,,,,,,,,,,,,,,,,,,,,,,,,,,,,,,,,,,,,,,,,,,,,,,,,,,,,,,,,,,,,,,,,,,,,,,,,,,,,,,,,,,,,,,,,,,,,,,,,,,,,,,,,,,,,,,,,,,,,,,,,,,,,,,,,,,,,,,,,,,,,,,,,,,,,,,,,,,,,,,,,,,,,,,,,,,,,,,,,,,,,,,,,,,,,,,,,,,,,,,,,,,,,,,,,,,,,,,,,,,,,,,,,,,,,,,,,,,,,,,,,,,,,,,,,,,,,,,,,,,,,,,,,,,,,,,,,,,,,,,,,,,,,,,,,,,,,,,,,,,,,,,,,,,,,,,,,,,,,,,,,,,,,,,,,,,,,,,,,,,,,,,,,,,,,,,,,,,,,,,,,,,,,,,,,,,,,,,,,,,,,,,,,,,,,,,,,,,,,,,,,,,,,,,,,,,,,,,,,,,,,,,,,,,,,,,,,,,,,,,,,,,,,,,,,,,,,,,,,,,,,,,,,,,,,,,,,,,,,,,,,,,,,,,,,,,,,,,,,,,
0.829198102,0.864860359,1.175689039,0.816926921,1.051789815,0.883654954,0.671874549,0.913269792,1.197731053,1.323036852,0.829945208,1.045437292,0.805610116,0.364517338,0.946397766,1.416831134,0.877231065,1.112694873,1.336802315,1.270409352,0.824100833,1.255853137,1.198839375,0.660771435,1.017162627,0.61284978,1.068258993,0.623285139,0.988871435,0.821880567,0.832132569,0.731627257,1.468693391,0.674703472,0.458934907,0.816242558,1.236884919,1.088361285,0.940136887,0.908882847,0.544094803,1.458562905,0.783364259,0.947951551,0.505174086,0.775005868,0.73190206,0.656012917,0.579700081,nan,nan,0.848990278,0.674128125,0.610195475,0.672195417,0.60152728,0.875244074,0.606547431,0.561277049,0.807232245,0.976960764,0.58906537,0.624363079,0.681201354,0.624334051,0.820801852,1.218648183,1.206978241,0.722425058,1.033593623,0.846849606,1.25581228,1.201847639,1.076917083,1.046244051,1.035455972,1.504722963,0.82114022,1.19771706,0.775384907,0.710266736,1.240302801,1.187608738,1.37349559,1.056770741,0.775198171,1.52986228,0.813264225,1.313985347,1.0280786,1.331657049,0.907699815,,,,,,,,,,,,,,,,,,,,,,,,,,,,,,,,,,,,,,,,,,,,,,,,,,,,,,,,,,,,,,,,,,,,,,,,,,,,,,,,,,,,,,,,,,,,,,,,,,,,,,,,,,,,,,,,,,,,,,,,,,,,,,,,,,,,,,,,,,,,,,,,,,,,,,,,,,,,,,,,,,,,,,,,,,,,,,,,,,,,,,,,,,,,,,,,,,,,,,,,,,,,,,,,,,,,,,,,,,,,,,,,,,,,,,,,,,,,,,,,,,,,,,,,,,,,,,,,,,,,,,,,,,,,,,,,,,,,,,,,,,,,,,,,,,,,,,,,,,,,,,,,,,,,,,,,,,,,,,,,,,,,,,,,,,,,,,,,,,,,,,,,,,,,,,,,,,,,,,,,,,,,,,,,,,,,,,,,,,,,,,,,,,,,,,,,,,,,,,,,,,,,,,,,,,,,,,,,,,,,,,,,,,,,,,,,,,,,,,,,,,,,,,,,,,,,,,,,,,,,,,,,,,,,,,,,,,,,,,,,,,,,,,,,,,,,,,,,,,,,,,,,,,,,,,,,,,,,,,,,,,,,,,,,,,,,,,,,,,,,,,,,,,,,,,,,
2.276681806,2.284300833,2.102846933,2.021277211,2.173552512,2.510806192,0.993954931,0.556521042,0.537246181,0.551808935,0.572394734,0.565169306,0.555578229,0.558186632,0.549716644,0.531855833,0.546230544,0.510769352,0.486249896,0.485587824,0.503478866,0.568230046,0.596164479,0.572233623,0.544121076,0.574377963,0.585701181,0.570060405,0.555928137,0.580668762,0.576737141,0.564136019,0.587122269,0.540092049,0.504420243,0.537988646,0.517130278,0.517729352,0.47623441,0.503036725,0.540188785,0.562606528,0.559191458,0.563438727,0.560942731,0.590055914,0.557174155,0.578146771,0.592957315,0.604517269,0.585190637,0.603936817,0.629534815,0.627332396,0.579053206,0.564978194,0.584814051,0.579214144,0.601149988,0.60297831,0.589762778,0.532813183,0.531665463,0.55593066,0.586150289,0.556998715,0.555385382,0.572644664,0.75108816,0.591623449,0.567204074,0.535723021,0.50464787,0.555679734,0.549558044,0.572190069,0.60733397,0.583873588,0.602093935,0.603211713,0.598770081,0.611953692,1.086198426,2.261783183,2.367785301,2.400824549,2.224692326,2.219555602,2.100544329,2.386289757,2.138281435,1.531209711,,,,,,,,,,,,,,,,,,,,,,,,,,,,,,,,,,,,,,,,,,,,,,,,,,,,,,,,,,,,,,,,,,,,,,,,,,,,,,,,,,,,,,,,,,,,,,,,,,,,,,,,,,,,,,,,,,,,,,,,,,,,,,,,,,,,,,,,,,,,,,,,,,,,,,,,,,,,,,,,,,,,,,,,,,,,,,,,,,,,,,,,,,,,,,,,,,,,,,,,,,,,,,,,,,,,,,,,,,,,,,,,,,,,,,,,,,,,,,,,,,,,,,,,,,,,,,,,,,,,,,,,,,,,,,,,,,,,,,,,,,,,,,,,,,,,,,,,,,,,,,,,,,,,,,,,,,,,,,,,,,,,,,,,,,,,,,,,,,,,,,,,,,,,,,,,,,,,,,,,,,,,,,,,,,,,,,,,,,,,,,,,,,,,,,,,,,,,,,,,,,,,,,,,,,,,,,,,,,,,,,,,,,,,,,,,,,,,,,,,,,,,,,,,,,,,,,,,,,,,,,,,,,,,,,,,,,,,,,,,,,,,,,,,,,,,,,,,,,,,,,,,,,,,,,,,,,,,,,,,,,,,,,,,,,,,,,,,,,,,,,,,,,,,,,,,
0,0,0,0,0,2.687220752,0,1.790008229,1.739414387,2.2029836,2.789249502,2.405230301,2.198421215,2.856136782,0,1.415341806,1.618511817,0,0,0.862016829,0,1.757861308,1.876533634,2.035770613,2.319637674,0,0,0,0,0,0,0,3.076101898,1.471217188,1.996518229,2.134912222,1.903207789,1.977845799,1.522939676,0,2.274439664,0,2.234831933,2.314582442,2.551994063,2.152321574,2.243970428,2.838253773,2.816599479,nan,nan,2.654380961,2.966787731,2.730320972,2.321587211,2.265034618,2.18003897,2.123524421,2.353315451,2.11695588,2.197275139,0,0,2.079102164,2.692582766,2.591354491,2.671742662,2.459868831,0,2.612933773,2.178644259,0,2.074351817,2.070135093,0,0,2.905580231,0,2.978168611,3.060760394,0,2.933974549,3.165901238,2.763291794,2.948333889,2.902037778,3.195412338,0,0,2.557122731,2.412936875,2.312113669,,,,,,,,,,,,,,,,,,,,,,,,,,,,,,,,,,,,,,,,,,,,,,,,,,,,,,,,,,,,,,,,,,,,,,,,,,,,,,,,,,,,,,,,,,,,,,,,,,,,,,,,,,,,,,,,,,,,,,,,,,,,,,,,,,,,,,,,,,,,,,,,,,,,,,,,,,,,,,,,,,,,,,,,,,,,,,,,,,,,,,,,,,,,,,,,,,,,,,,,,,,,,,,,,,,,,,,,,,,,,,,,,,,,,,,,,,,,,,,,,,,,,,,,,,,,,,,,,,,,,,,,,,,,,,,,,,,,,,,,,,,,,,,,,,,,,,,,,,,,,,,,,,,,,,,,,,,,,,,,,,,,,,,,,,,,,,,,,,,,,,,,,,,,,,,,,,,,,,,,,,,,,,,,,,,,,,,,,,,,,,,,,,,,,,,,,,,,,,,,,,,,,,,,,,,,,,,,,,,,,,,,,,,,,,,,,,,,,,,,,,,,,,,,,,,,,,,,,,,,,,,,,,,,,,,,,,,,,,,,,,,,,,,,,,,,,,,,,,,,,,,,,,,,,,,,,,,,,,,,,,,,,,,,,,,,,,,,,,,,,,,,,,,,,,,,
