0,0,3.556085567,0,2.916240231,2.036398508,2.723399965,1.84229826,1.345011725,1.416187507,2.087949677,2.067375978,1.973021695,2.282125881,0,1.273429067,1.282446683,2.757465868,0,1.404464445,2.659136759,1.942656302,1.432872959,1.227033117,1.715047446,0,2.972721296,0,0,2.145770197,0,2.962995683,1.378392149,0.996028325,2.03848786,1.365781903,1.210106768,1.448995166,0.97763314,0,2.034581963,2.162723426,2.190441991,1.535868749,1.113599807,1.733353587,2.000064546,1.571765114,1.72464879,0.488278971,1.081145284,1.053872359,1.367038306,1.202869868,1.169534892,1.699253087,1.820833896,1.260564456,1.421573991,1.262533053,1.199374857,2.861772025,2.480035359,1.495772943,1.156446624,1.700208091,1.185235272,1.674336073,0,1.614131469,0,2.308987338,0.862062928,1.763300292,0,0,2.285164109,0,1.051674455,1.445296793,0,2.026458279,0,1.458323641,0,1.490318061,1.305115944,0,2.888062558,0,2.022288054,1.532161294,1.634859179,1.24350433,1.093784013,1.193273906,1.233109686,1.385870556,1.397171829,1.308771118,1.088757214,1.705820911,1.509638752,1.206662483,1.259649767,1.414153607,1.245311247,1.07618531,1.205807049,1.341652988,0.927268846,1.205830935,1.264284662,1.299569065,1.195669307,1.13016275,1.278154849,1.498381526,1.558371291,1.296506358,1.235681216,1.255405841,1.194137219,1.518861574,1.507519275,1.10754195,1.384128928,1.322188803,1.155082409,1.230106246,0.971418229,1.442598637,1.280354225,1.477048167,1.369803203,1.293699553,1.166481962,1.354958541,1.234351706,1.124414411,1.302164397,1.427231118,1.21361692,1.08411574,1.188202396,1.211556391,1.170001463,1.180801147,1.16348801,1.175277881,1.138551517,1.107395095,1.1145161,1.230317751,1.230795275,1.191103017,1.072685015,1.449585737,1.241624587,1.162393017,1.159427034,1.169260259,1.356636353,1.141864612,1.0529107,1.224833874,1.252281197,1.382303917,1.223510797,1.246287001,1.017232003,1.088508624,1.045019165,1.039730763,1.284730693,1.272251737,1.269439614,1.130725013,1.34582027,1.288682447,1.13579629,1.080244788,1.17209726,1.056780301,1.560780898,1.287304572,1.250070445,1.300820509,1.743654711,0.94513698,0.930911389,1.564187707,1.169492455,1.384759704,1.748823024,1.755786702,1.579382414,1.80968822,1.751698526,1.12489465,1.250572209,1.467621725,0.923398053,1.131997205,1.599147436,2.010199304,1.656475685,1.363119532,1.347219675,1.561455983,1.495843489,1.63975462,1.54964702,1.053758913,1.172705174,1.238015649,0.90899374,0.896131804,1.647071296,1.480163756,1.203720586,1.284628633,0.818191525,1.476169974,1.360415816,1.537932546,1.512020219,1.470365834,1.385549366,1.676774854,1.605313413,1.444016151,1.44871083,0.364440526,0,0,0,0,0.114521389,1.358065369,1.302068185,0.84590572,1.049320045,0.942652412,1.29766034,1.106881109,0.995283475,1.078817441,0.916188796,1.146596945,1.165542617,1.349477632,1.334560336,1.158559953,1.333420706,0.893728209,0.899362994,1.020905147,1.090556519,1.107289703,0.847015441,1.388308378,0.79613184,1.035701845,1.298463295,1.150586169,1.125392739,1.306930617,1.104881391,1.198629595,1.109484116,1.444690426,1.422933845,1.19848977,1.210540863,1.264061005,0,0,0,0,0,0,0,0,0,0,0,0,0,0,0,0,0,0,0,0,0,0,0,0,0,0,0,0,0,0,0,0,0,0,0,0,0,0,0,0,0,0,0,0,0,0,0,0,0,0,0,0,0,0,0,0,0,0,0,0,0,0,0,0,0,0,0,0,0,0,0,0,0,0,0,0,0,0,0,0,0,0,0,0,0,0,0,0,0,0,0,0,,,,,,,,,,,,,,,,,,,,,,,,,,,,,,,,,,,,,,,,,,,,,,,,,,,,,,,,,,,,,,,,,,,,,,,,,,,,,,,,,,,,,,,,,,,,,,,,,,,,,,,,,,,,,,,,,,,,,,,,,,,,,,,,,,,,,,,,,,,,,,,,,,,,,,,,,,,,,,,,,,,,,,,,,,,,,,,,,,,,,,,,,,,,,,,,,,,,,,,,,,,,,,,,,,,,,,,,,,,,,,,,,,,,,,,,,,,,,,,,,,,,,,,,,,,,,,,,,,,,,,,,,,,,,,,,,,,,
1.936495162,1.756706637,1.695915972,1.252206915,2.009038697,2.126650917,2.070172191,1.826991614,1.438848598,1.743152633,1.45830008,1.388409936,1.504756601,1.415620921,1.383036815,1.154043882,0.967219363,1.441362823,0.850790803,1.014729963,1.350260719,1.652058756,1.33397672,1.605179149,1.36113472,1.397430396,1.670510999,1.419299752,1.439106606,1.755823716,1.787520306,1.916000371,1.682885885,1.226244122,1.870285327,1.527648348,1.258641889,1.366234322,0.7785425,1.754262205,1.935798401,1.800696959,1.477350532,1.678265311,1.049482472,1.295853379,1.302126422,1.302736885,1.252995554,0.378294889,0,0,0,0.863670798,1.467676106,0.994534597,1.196242162,1.093081503,1.167041137,1.127734597,1.076327714,1.395886919,1.354785422,1.494904512,1.32026761,1.285493645,1.161058014,1.361661017,2.726127548,1.590384349,3.582968507,1.250371783,1.05504712,1.779373636,1.741475608,1.986565494,1.832284704,1.841541797,1.610962232,1.243296783,1.781863354,1.605144888,1.632386506,1.768960637,1.386200252,2.068672567,1.417929397,1.985221368,2.062459047,1.917437521,1.75739073,1.629254078,1.393819842,1.530188754,1.260294136,1.063281298,1.365830677,1.384222013,1.339326569,1.796851624,1.569304892,1.964598463,1.195810845,1.341798555,1.129059664,1.453050716,1.132922819,1.266808769,1.085694606,1.19374501,0.696276816,0.9110607,1.332795466,1.366667597,1.421462886,1.330527428,1.270527426,1.487346297,1.521308174,1.435333524,1.157203906,1.32773488,1.200193993,1.471927706,1.322170219,0.999733425,1.951408472,1.804605838,1.420103799,1.739520193,0.618219288,1.889147548,1.971745204,1.957786185,1.952139792,1.850824424,1.688032819,1.872962789,1.911701566,1.816577891,1.80733949,1.805673542,1.787838995,1.679718838,1.596987743,1.610555081,1.623728963,1.67103881,1.766711736,1.729530988,1.685604628,1.442375783,1.255266747,1.872637592,1.715156616,1.758923185,1.405691663,1.583191131,1.498685414,1.633856731,1.76355255,1.595811878,1.447212297,1.210304804,0.955604491,1.513095323,1.336466418,1.285767715,1.055018186,1.254012775,1.189878022,0.807757424,1.290673035,1.235794283,1.239928076,1.156325095,1.174789566,1.263504949,1.150699641,1.151760047,1.258972608,1.107850213,1.244311457,1.218125491,1.648472113,1.643676117,1.505749247,1.092670867,1.716615101,1.671938181,1.764936972,1.603080107,1.649267828,1.490746449,1.463287917,1.57887633,1.57893954,1.618140251,1.487067595,1.424375212,1.207380903,1.370730126,0.766285983,1.073017,1.599038827,1.694311813,1.772120847,1.528618127,1.438439401,1.64619612,1.665013527,1.630509008,1.513669808,1.52164731,1.538776248,1.633349384,1.610105673,1.060919051,1.839115722,1.571398792,1.313200456,1.617784157,0.73412529,1.779985972,1.909810956,1.89566038,1.956173718,1.880931652,1.650696271,1.849425825,1.910447048,1.767248065,1.768681635,0.45373132,0.689629074,1.60517191,1.480565359,1.585360646,1.621424871,1.671963516,1.774358325,1.729218232,1.568842654,1.354547993,1.050406222,1.862656423,1.656395851,1.687830766,1.450890688,1.492280156,1.369659563,1.647951268,1.749204756,1.503641151,1.34700917,1.146148148,0.870740858,1.516037008,1.230237266,1.597277177,1.76419973,1.907449791,1.798604072,1.775943783,1.570182168,1.478544853,1.640392823,1.640046752,1.79569637,1.617821966,1.470933701,1.613878352,1.64989523,1.478312675,1.665894956,1.749929788,1.190018781,1.180490668,1.051864488,1.020877451,1.215780647,1.25422575,1.377152506,1.277427894,1.100532199,1.264392143,1.279599155,1.201773712,1.067323447,1.111659884,1.012798388,0.962834102,0.936380681,0.988576131,0.645955991,0.800617429,1.083334597,0.905026611,1.035141678,1.046928761,1.061906632,1.039073598,1.255849082,1.294580181,1.387325749,0.841734564,1.116908169,1.267837677,1.125434553,0.690163963,1.512533856,1.255493965,1.032571374,1.284581091,0.550278238,1.537135637,1.427092651,1.397474271,1.312681352,1.354552961,1.287092993,1.332452515,1.297460881,1.259670276,1.26136815,1.273333786,1.22077514,1.162828799,1.030247262,1.072587608,1.194635007,1.128636876,1.21725724,1.244086158,1.166865637,0.987009839,1.004697664,1.297764175,1.264449939,1.301396556,1.021178844,1.254557287,1.094561595,1.221562067,1.164677101,1.152280976,1.055205509,0.988405794,0.756689362,1.302363731,1.199293042,1.313753736,1.223469641,1.324616075,1.150345419,1.21416284,1.125022007,1.297667981,1.250905987,1.232602963,1.268357698,1.262508548,1.315807958,1.317404325,1.439141112,1.277200257,1.291585859,1.402945998,0,0,1.688303137,1.47681294,1.87410103,1.268889934,1.424022334,1.315809545,1.108031285,1.076758366,1.31683202,1.168743572,1.12022319,1.171546973,0,1.092067763,1.099048599,1.103884491,0.634001771,0.713467425,1.078276341,1.109500031,1.144208313,1.229970176,1.008406397,0,1.661633576,1.380394775,1.592780116,2.046641863,0,2.270254005,1.316329852,0.829595368,1.017414032,1.049002981,1.062739042,1.208462046,0.580224175,1.931909606,1.348691933,2.292471632,1.424123513,1.217486746,1.170295353,1.331847628,1.311322875,1.161154651,1.235531619,0.299480771,1.361502058,1.176138168,0.972363175,1.101004286,1.098041413,1.353765682,1.154132095,1.248540818,1.024053493,0.966007449,0.899234903,1.949176076,1.867285162,0.910819295,1.062596869,1.063417816,1.07107792,1.127808047,0,0.844368735,0,0.750648694,0.809796207,1.107316793,1.899537269,0,0,0,1.071000916,1.218284548,0,1.121641928,1.220828501,1.740662685,1.227675732,1.090084673,1.086998187,1.141810553,0,1.736442002,1.10554149,1.219193619,0.281995889,0.200494468,0.204598358,0.290113746,0.265896612,0.312586656,0.273216388,0.289613192,0.256900956,0.20494007,0.200402365,0.233499146,0.25978346,0.22438091,0.244233551,0.254258851,0.20150809,0.244220606,0.236709274,0.261270817,0.272246919,0.31449841,0.306639552,0.289881784,0.276151754,0.333360006,0.274825549,0.245326137,0.221194072,0.22516439,0.203346146,0.277030244,0.266618609,0.314204292,0.197604791,0.222323606,0.243237842,0.207893751,0.270523339,0.208930841,0.205398328,0.237158737,0.185694147,0.194011761,0.203122113,0.263878078,0.205839078,0.248261873,0.324451628,0.292359712,0.300557898,0.245836566,0.247850895,0.230693174,0.185964612,0.247960581,0.203055784,0.210142519,0.204090898,0.194019072,0.199871695,0.286331792,0.276020904,0.256058601,0.247181117,0.211550876,0.228954774,0.248534714,0.203836774,0.253530658,0.201380829,0.248264402,0.208694665,0.217352842,0.244426451,0.200426309,0.20219417,0.13909026,0.233805763,0.200347581,0.216962078,0.225775814,0.192400803,0.191891561,0.248116818,0.170423688,0.158477994,0.285711355,0.255678494,0.247407271,0.286805873,0.26827675,0.291154285,0.217441094,0.287166304,0.221059285,0.296900885,0.260843847,0.253676025,0.251135373,0.257490813,0.130702072,0.24740964,0.284278258,0.30655574,0.275423957,0.288217946,0.286000279,0.259957585,0.192413794,0.128801604,0.178994166,0.193750079,0.268994149,0.223191922,0.2595222,0.234110936,0.232334197,0.205167297,0.222020685,0.290055472,0.2206312,0.249969695,0.193806431,0.202472788,0.273710142,0.19850566,0.330475681,0.290075938,0.300911581,0.264965061,0.28913924,0.29674635,0.256634379,0.303861386,0.310838766,0.345969893,0.245784617,0.238617362,0.23684127,0.223766668,0.076877264,0,0.131416062,0.259555468,0.263844081,0.220112309,0.22828652,0.2226501,0.292348909,0.262754645,0.289600105,0.270008532,0.256989234,0.207230023,0.261643724,0.26155543,0.260939742,0.081928819,0.179557548,0.182220373,0.175159764,0.166549235,0.152787883,0.1250292,0.160769066,0.266724554,0.232460669,0.241772415,0.229970152,0.289673421,0.240871407,0.274905664,0.256985522,0.256614912,0.218149012,0.203337628,0.283935269,0.212237506,0.210061664,0.216306297,0.255893155,0.022333607,0.154353197
0,0.234353128,0.325595833,0,0.216668712,0.221707747,0.242655058,0.214176847,0.217720178,0.29485347,0,0.227042248,0.249248219,0.216468063,0.22504329,0.247120559,0.330984968,0.226685923,0.200563745,0.212229468,0.238584855,0.216736787,0.212789546,0.304880556,0.205759505,0.223676816,0,0.242594607,0.221952514,0.22351366,0.324979211,0.236661416,0.229136124,0.254365102,0.207897956,0.227915817,0.249449057,0.306345061,0.203315422,0,0.217006937,0.23433471,0.226225392,0.271091668,0.324346552,0.23640416,0,0.231348406,0.272953148,0,0.231548692,0.303131328,0,0.233367146,0.210180052,0.235270521,0.208027359,0.292870825,0.268271197,0.202679789,0.197710399,0.195683081,0,0.189480254,0.208838892,0.330323102,0.215042962,0.21669361,0.240354059,0.233314892,0.220249544,0.207386065,0.294771828,0.211144769,0.198546085,0.233331061,0.210777431,0.202775576,0.224383215,0.300333776,0.216445152,0.2087243,0.212583206,0.235392706,0.207791674,0.216707661,0.301127929,0.204171565,0.204307095,0.206332518,0.231224599,0.196571193,,,,,,,,,,,,,,,,,,,,,,,,,,,,,,,,,,,,,,,,,,,,,,,,,,,,,,,,,,,,,,,,,,,,,,,,,,,,,,,,,,,,,,,,,,,,,,,,,,,,,,,,,,,,,,,,,,,,,,,,,,,,,,,,,,,,,,,,,,,,,,,,,,,,,,,,,,,,,,,,,,,,,,,,,,,,,,,,,,,,,,,,,,,,,,,,,,,,,,,,,,,,,,,,,,,,,,,,,,,,,,,,,,,,,,,,,,,,,,,,,,,,,,,,,,,,,,,,,,,,,,,,,,,,,,,,,,,,,,,,,,,,,,,,,,,,,,,,,,,,,,,,,,,,,,,,,,,,,,,,,,,,,,,,,,,,,,,,,,,,,,,,,,,,,,,,,,,,,,,,,,,,,,,,,,,,,,,,,,,,,,,,,,,,,,,,,,,,,,,,,,,,,,,,,,,,,,,,,,,,,,,,,,,,,,,,,,,,,,,,,,,,,,,,,,,,,,,,,,,,,,,,,,,,,,,,,,,,,,,,,,,,,,,,,,,,,,,,,,,,,,,,,,,,,,,,,,,,,,,,,,,,,,,,,,,,,,,,,,,,,,,,,,,,,,,,
1.015279312,1.069221152,1.023353184,0.949021627,1.032609668,0.955435632,1.081096703,0.959438941,0.970621807,1.011639746,1.041708488,1.043511184,1.03673838,1.003732527,1.018028436,1.140635006,1.017373367,0.915324084,0.734193143,0.988193217,0.928107066,1.102086229,1.173020911,1.012090076,0.96809974,1.038995348,1.030658186,1.010597669,1.023051242,0.974409812,0.989477019,0.96360422,0.932136275,0.721951671,1.083617303,0.935952779,0.984746328,1.026252201,0.750706157,1.069559413,1.01160625,0.994725229,1.024659036,1.033820574,0.929027911,1.018181141,0.987911397,1.008370088,0.957688718,0.944020008,0.927288561,0.921605588,0.913163102,0.892634347,0.87131473,0.895365966,0.928649175,0.930432624,0.913296225,0.888566939,0.754514947,0.976056433,0.937132208,0.959857721,0.87449996,0.916593531,0.918048016,0.928399182,1.013962347,0.894497582,0.842770668,0.800242105,0.78745191,0.949797676,0.896710316,0.977652103,0.879303119,0.959864287,0.876280624,0.951283073,0.972179235,0.872644539,0.860944383,0.898125981,0.90936972,0.871252395,0.897486346,0.990109508,0.930043174,0.866577265,0.90739956,0.936592595,1.003151331,1.22601628,1.014543729,1.060015654,1.216221447,1.086750796,1.007647869,1.076418251,0.884386562,1.407338437,1.129581812,1.149965967,1.009521998,1.063863427,1.054992998,1.118010183,0.897806524,1.065413157,0.707865268,0.892636442,0.967507698,1.116988641,0.957346143,0.969941974,1.172947253,1.084137571,1.11471884,1.044735897,1.054415958,1.025704954,1.09091332,1.352991416,1.546205939,0.832342627,1.480121133,1.133816646,1.234814237,1.201897101,0.589982842,1.368291627,1.268106712,1.297714025,1.290469057,1.239318697,1.196149245,1.217943183,1.237686454,1.14826507,1.171219948,1.143171259,1.144447385,1.04151034,0.798025869,0.789891247,0.993384666,1.105509867,1.338646585,1.46105257,1.089090792,0.994440314,0.999355308,1.217629807,1.189152952,1.168571679,1.040383187,1.159017882,1.085163105,1.154838148,1.173824951,1.090614709,1.118738499,0.956504569,0.894095428,1.19535627,1.151880125,1.222776324,1.158476075,1.191731651,1.119847941,0.947328586,1.103939392,1.054946743,1.033378107,1.08046062,1.179991487,1.12777908,1.123399259,1.127640057,1.188842377,0.807074861,1.150045692,0.981487502,,,,,,,,,,,,,,,,,,,,,,,,,,,,,,,,,,,,,,,,,,,,,,,,,,,,,,,,,,,,,,,,,,,,,,,,,,,,,,,,,,,,,,,,,,,,,,,,,,,,,,,,,,,,,,,,,,,,,,,,,,,,,,,,,,,,,,,,,,,,,,,,,,,,,,,,,,,,,,,,,,,,,,,,,,,,,,,,,,,,,,,,,,,,,,,,,,,,,,,,,,,,,,,,,,,,,,,,,,,,,,,,,,,,,,,,,,,,,,,,,,,,,,,,,,,,,,,,,,,,,,,,,,,,,,,,,,,,,,,,,,,,,,,,,,,,,,,,,,,,,,,,,,,,,,,,,,,,,,,,,,,,,,,,,,,,,,,,,,,,,,,,,,,,,,,,,,,,,,,,,,,,,,,,,,,,,,,,,,,,,,,,,,,,,,,,,,,,,,,,,,,,,,,,,,,,,,,,,,,,,,,,,,,,,,,,,,,,,,,,,,,,,,,,,,,,,,,,,,,,
4.17932347,4.076800898,3.993575851,4.071822177,4.406142252,4.182371799,4.37476618,4.340542946,4.185802222,4.162011848,4.335588749,4.080371023,4.004789538,4.263088088,4.187667022,4.375482304,4.189583548,4.324850069,3.955224698,3.980821743,4.503603779,4.573366072,4.464059327,4.179001012,4.415817989,4.81315412,4.374401836,4.42838487,4.204749363,4.4143193,4.134538257,4.189740558,4.18753993,4.285298866,4.429201614,4.138661863,4.195136425,4.241312056,3.92660215,4.469155825,4.659796902,4.681150093,4.620381154,3.950176453,4.315735995,3.671734889,3.999279975,4.064302717,4.186341631,4.866347805,4.162675261,4.108613439,4.198456111,3.857201917,3.97848325,4.103956719,4.321157738,4.224166041,4.049127914,4.025453479,3.90939624,4.40158796,4.310323468,4.479896595,4.126525771,4.193925955,4.071527844,4.318422743,4.09464671,3.967744033,3.859006847,4.163308239,3.997492246,4.164108765,4.202663519,4.217922198,4.169488176,4.297766527,4.034219097,4.088005737,4.331063947,4.346794721,4.242836763,4.258962647,4.437140269,4.15113103,4.134074971,4.248172215,4.281947601,4.345465192,4.584852901,4.496403214,1.957454219,1.351351417,1.250204756,1.241232386,1.849948638,2.154189678,1.528999475,1.94279264,1.637321148,1.817498705,1.790835656,1.706605843,1.642514364,1.784769725,1.649599262,1.618627199,1.431418679,1.366309393,0.794810474,1.155730979,1.677692426,1.787790646,1.80830326,1.68596894,1.185908674,1.891407555,1.780403436,1.802107818,1.372854237,1.907433637,1.462392186,1.944805057,2.222927492,0.703234778,2.078689013,1.446035443,1.18932773,1.273504787,0.714448265,1.71482613,1.650604729,1.674231306,1.848682106,2.08215678,1.396699901,1.953568357,2.216969747,1.994543101,2.014912088,0.566791789,1.445268255,1.177468219,1.647972594,1.312802821,1.63525506,1.637452162,1.58545872,1.330490926,1.003509087,1.27254846,0.866333636,1.389815801,1.306942945,1.949039823,1.737210859,1.337270694,1.223358523,2.077206905,1.91585124,1.51955305,1.241558769,1.248010163,1.088927486,1.594778548,1.759809645,2.096326163,1.689845925,1.797863854,1.333237071,1.112947409,1.660323942,1.581423009,1.925338413,1.774031328,1.48356417,1.608086845,1.560267004,1.612447475,1.418023202,1.225743048,1.22403889,1.409202116,,,,,,,,,,,,,,,,,,,,,,,,,,,,,,,,,,,,,,,,,,,,,,,,,,,,,,,,,,,,,,,,,,,,,,,,,,,,,,,,,,,,,,,,,,,,,,,,,,,,,,,,,,,,,,,,,,,,,,,,,,,,,,,,,,,,,,,,,,,,,,,,,,,,,,,,,,,,,,,,,,,,,,,,,,,,,,,,,,,,,,,,,,,,,,,,,,,,,,,,,,,,,,,,,,,,,,,,,,,,,,,,,,,,,,,,,,,,,,,,,,,,,,,,,,,,,,,,,,,,,,,,,,,,,,,,,,,,,,,,,,,,,,,,,,,,,,,,,,,,,,,,,,,,,,,,,,,,,,,,,,,,,,,,,,,,,,,,,,,,,,,,,,,,,,,,,,,,,,,,,,,,,,,,,,,,,,,,,,,,,,,,,,,,,,,,,,,,,,,,,,,,,,,,,,,,,,,,,,,,,,,,,,,,,,,,,,,,,,,,,,,,,,,,,,,,,,,,,,,,
1.522079098,1.900886766,1.680949741,1.538402428,2.155330615,1.48535309,1.691131298,2.148755838,1.745044958,1.676162538,1.969874027,2.085222247,2.031615578,1.921713059,1.582137467,2.07224392,1.690721746,1.784969375,1.021301106,1.362211602,1.854372492,2.39500745,2.003968148,1.569822576,1.336340149,1.679033423,1.834097074,1.71846373,1.518058612,1.616569056,1.574762122,1.900062354,1.770076604,1.133777632,1.762436149,1.584332219,1.448036433,1.603724553,0.885119983,1.855192351,1.989822784,1.936871658,1.68211309,1.804973564,1.607074887,1.828107668,1.743481146,1.806167267,1.713495704,0.488450218,0,0,0,0,0,1.179361454,1.403239585,1.517951101,1.621809158,1.376314739,1.272549648,1.919545865,1.59575908,1.856849855,1.527508142,1.671199327,1.636162026,1.611945557,1.771859689,1.583314839,1.516903174,1.398988084,1.096672571,1.693161617,1.688715719,1.81048088,1.609105674,1.615845746,1.542473999,1.540045091,1.711839528,1.6326097,1.568533264,1.684813522,1.902284784,1.72604933,1.346669915,1.748366475,1.633304123,1.842740766,1.702036113,1.763960007,1.720146716,1.605381638,1.2412208,1.246200801,1.056926884,1.480616661,1.306926824,1.438022741,1.405416087,1.410493239,1.476295578,1.389644262,1.353180671,1.680776268,1.253194736,1.221114907,1.316011698,1.658136319,0.847860311,1.064990322,1.384339598,1.431462062,1.353839577,1.273361986,1.20840935,1.741175404,2.261932382,1.804501763,1.666603545,1.827694897,1.858489417,1.866505089,1.100261414,1.272853884,1.624346761,1.461054227,1.23961459,1.378203015,0.9740168,1.444117833,1.546743549,1.528464841,1.607555192,1.452209026,1.201726165,1.316186403,1.243656215,1.742865017,1.451938511,1.393799938,1.264812387,1.193399878,1.114847406,1.229896167,1.240960766,1.263090783,1.274748253,1.204560533,1.416696477,1.034904228,1.075196996,1.540329034,1.840572259,1.538010742,1.237046131,1.290987945,1.423388466,1.436171639,1.149326242,1.302544523,1.355262991,1.203723523,0.988399233,1.433226927,1.080121711,1.39965435,0,1.824465223,1.707623683,1.644900488,1.312738481,1.216564638,1.275790496,1.12800821,1.203941979,1.160316805,1.128049135,1.206523254,1.145875333,1.266848608,1.112905311,1.185267174,1.672513473,1.895013793,1.556120746,1.314454719,1.910741788,1.901299135,1.92140025,1.820563767,1.514545292,1.827848565,1.774293641,1.805971639,1.79143645,1.836673407,1.465785056,1.8281828,1.450287203,1.523805206,0.983196684,1.303111729,1.744525573,1.803176966,1.85869942,1.64677651,1.602080488,1.784954466,1.829990918,1.733011543,1.706880516,1.56595862,1.619527905,1.739652358,1.758188335,1.146165975,1.970857663,1.617458579,1.542089063,1.721805682,0.945004707,1.959838511,1.848155203,1.845484962,1.739873808,1.645213905,1.651507652,1.639068656,1.753577336,1.690527655,1.686347252,0.484209388,1.751470016,1.440471462,1.350621593,1.593494259,1.573037033,1.672178259,1.612390228,1.620679193,1.546685416,1.470987339,1.357509279,1.775625865,1.749821898,1.77862586,1.444970131,1.651188731,1.581589777,1.674666282,1.683816727,1.613384091,1.44641897,1.394166911,1.222530907,1.654675223,1.586108462,1.749317771,1.699035601,1.530641399,1.68578258,1.588500455,1.538863601,1.593650776,1.603884844,1.594723484,1.6860004,1.700788572,1.651966076,1.649783048,1.627685241,1.683986603,1.662151713,1.631603172,,,,,,,,,,,,,,,,,,,,,,,,,,,,,,,,,,,,,,,,,,,,,,,,,,,,,,,,,,,,,,,,,,,,,,,,,,,,,,,,,,,,,,,,,,,,,,,,,,,,,,,,,,,,,,,,,,,,,,,,,,,,,,,,,,,,,,,,,,,,,,,,,,,,,,,,,,,,,,,,,,,,,,,,,,,,,,,,,,,,,,,,,,,,,,,,,,,,,,,,,,,,,,,,,,,,,,,,,,,,,,,,,,,,,,,,,,,,,,,,,,,,,,,,,,,,,,,,,,,,,,,,,,,,,,,,,,,,,,,,,,,,,,,,,,,,,,,,,,,,,,,,,,,,,,,,,,,,,,,,,,,,,,,,,,,,,,,,,,,,,,,,,,,,,,,,,,,,,,,,,,,,,,,,
2.298220151,2.297304071,2.347374942,1.594100614,2.577983531,2.334265678,2.263822251,2.215301948,2.099480339,2.533032806,2.247905979,2.232852648,2.657987639,2.162310922,2.220845784,1.857182043,1.836647318,2.169049155,1.089498902,1.729638889,2.041241028,2.803450961,2.846783044,2.720584271,2.361982037,2.395439391,2.349896177,2.629920116,2.028191468,2.534282882,2.272873949,2.27539158,2.528575602,1.350858159,2.577140631,2.370653669,1.775664806,2.461366678,0.889436741,2.702095961,2.672137419,2.766503426,2.402771663,2.439434637,1.988088571,2.459594931,2.196841392,2.157633069,1.991441155,0.484439516,1.26652058,2.067396259,1.922282511,1.968495076,1.945241093,2.048533625,2.095310271,2.039647117,2.036880143,1.804736708,1.525205555,2.217716648,2.163888459,3.170386378,2.393993992,2.598568285,2.42467054,2.574498154,2.781694806,2.471019593,2.296246716,1.889694748,1.591928009,2.702198854,2.781086493,2.900003391,2.580666744,2.806473532,2.769062465,2.790649421,2.597569555,2.584719782,2.736694306,2.553137261,2.74108913,2.511684965,2.771914731,2.68400059,2.67708878,2.539578329,2.469370997,2.652782237,1.297043965,1.334837572,1.130415074,0.866571726,1.200117694,1.150375859,1.193558365,1.053081041,1.146316659,1.103871727,1.070248911,1.229835289,1.121592797,1.284558585,1.005486258,0.957506049,0.941240498,0.985665152,0.659576397,0.816640019,1.224335598,1.143896298,1.286675627,1.314180803,1.178520068,1.145079667,1.187515289,1.216157035,1.137490544,1.270975626,1.30880394,1.135550165,1.060497732,0.754750001,1.16251401,1.04757937,0.871105732,1.464918614,0.699299331,1.727228877,1.671171692,1.129254676,1.23376346,1.231670509,1.103514851,1.013894441,1.126859529,1.140213957,1.077291583,1.11806252,1.188323005,1.002453117,0.934640852,0.959539572,1.081174765,1.037458625,0.971353489,1.038368978,0.985820799,0.948001819,0.828726096,1.242606682,0.998348188,1.083054185,1.048453453,1.090370535,0.976271523,0.944584565,0.927193036,1.085568508,0.972315084,0.981251435,0.751151533,1.174848671,1.137634757,1.07189753,1.203690663,1.223163411,1.14159255,1.085417347,1.108376604,0.884075788,0.971778225,1.11559495,1.053607823,1.220181718,1.161664903,1.180493193,1.190726419,1.056563807,1.229066995,1.088120467,,,,,,,,,,,,,,,,,,,,,,,,,,,,,,,,,,,,,,,,,,,,,,,,,,,,,,,,,,,,,,,,,,,,,,,,,,,,,,,,,,,,,,,,,,,,,,,,,,,,,,,,,,,,,,,,,,,,,,,,,,,,,,,,,,,,,,,,,,,,,,,,,,,,,,,,,,,,,,,,,,,,,,,,,,,,,,,,,,,,,,,,,,,,,,,,,,,,,,,,,,,,,,,,,,,,,,,,,,,,,,,,,,,,,,,,,,,,,,,,,,,,,,,,,,,,,,,,,,,,,,,,,,,,,,,,,,,,,,,,,,,,,,,,,,,,,,,,,,,,,,,,,,,,,,,,,,,,,,,,,,,,,,,,,,,,,,,,,,,,,,,,,,,,,,,,,,,,,,,,,,,,,,,,,,,,,,,,,,,,,,,,,,,,,,,,,,,,,,,,,,,,,,,,,,,,,,,,,,,,,,,,,,,,,,,,,,,,,,,,,,,,,,,,,,,,,,,,,,,,
1.208828224,1.115281496,1.194874194,1.131825108,1.40002743,1.384921442,1.344747468,1.226369162,1.126060087,1.191747469,1.277752604,1.321208564,1.277457943,1.235264523,1.228938122,1.144521088,1.140478027,1.24277992,0.851594921,1.049467056,1.310880083,1.201730486,1.181526723,1.259805482,1.259670051,1.301230091,1.228272268,1.284909135,1.200613893,1.048812645,1.181916044,1.353661793,1.191473841,0.985962427,1.295903826,1.182366585,1.205212373,1.369121017,0.737486431,1.36349763,1.276794371,1.277580728,1.290988352,1.149888165,0.995969632,1.211706266,1.191154972,0.999068753,1.034574529,0.247197832,1.051669691,0.9839976,0.911263874,0.934060521,1.099229882,0.978718966,1.040281498,1.121256121,1.098875697,0.901419553,0.957763663,1.193365422,1.11154941,1.052270808,1.087455461,1.080049488,1.000663793,1.110866425,1.061701105,1.022807869,1.002002007,1.00661181,0.920574794,0.974180715,0.985088507,1.05694226,0.984275402,0.988651283,1.000202962,1.017820158,1.031688445,1.026987545,1.049693538,0.982024471,1.088743615,1.080692271,1.057430832,1.081707843,1.107570073,1.049792645,1.067410502,1.124812897,0,0,0,0,0,0,0,0,0,0,0,0,0,0,0,0,0,0,0,0,0,0,0,0,0,0,0,0,0,0,0,0,0,0,0,0,0,0,0,0,0,0,0,0,0,0,0,0,0,0,0,0,0,0,0,0,0,0,0,0,0,0,0,0,0,0,0,0,0,0,0,0,0,0,0,0,0,0,0,0,0,0,0,0,0,0,0,0,0,0,0,0,,,,,,,,,,,,,,,,,,,,,,,,,,,,,,,,,,,,,,,,,,,,,,,,,,,,,,,,,,,,,,,,,,,,,,,,,,,,,,,,,,,,,,,,,,,,,,,,,,,,,,,,,,,,,,,,,,,,,,,,,,,,,,,,,,,,,,,,,,,,,,,,,,,,,,,,,,,,,,,,,,,,,,,,,,,,,,,,,,,,,,,,,,,,,,,,,,,,,,,,,,,,,,,,,,,,,,,,,,,,,,,,,,,,,,,,,,,,,,,,,,,,,,,,,,,,,,,,,,,,,,,,,,,,,,,,,,,,,,,,,,,,,,,,,,,,,,,,,,,,,,,,,,,,,,,,,,,,,,,,,,,,,,,,,,,,,,,,,,,,,,,,,,,,,,,,,,,,,,,,,,,,,,,,,,,,,,,,,,,,,,,,,,,,,,,,,,,,,,,,,,,,,,,,,,,,,,,,,,,,,,,,,,,,,,,,,,,,,,,,,,,,,,,,,,,,,,,,,,,,
2.097037491,1.301231917,1.378824668,1.373509223,2.015317873,2.113110521,1.691469041,1.425848256,1.034210278,1.412953381,1.970779039,1.114224022,1.391612842,1.275982068,1.321010664,1.069774033,0.905187356,1.489006053,0.8677181,1.312700589,1.409567363,2.077021634,1.670606825,1.553348247,1.747338003,2.033782649,2.311365689,2.119796985,1.486169634,1.863102877,1.923591306,1.868566327,1.954295521,1.146273735,1.926888079,1.184103865,1.690358357,1.315252918,0.860887598,1.624006912,1.862462627,1.912013566,1.619820636,1.133718297,1.150855577,2.342018279,1.7682927,1.550337014,2.087152915,1.42219402,0.725629386,0.849731355,1.810267942,1.445527224,1.575779445,1.856865635,1.344281183,1.053393037,1.163356296,1.181121344,0.956172824,1.972475244,1.742594657,1.42170644,0.939774807,1.49378342,1.769940506,1.881383115,1.96291188,1.674038845,1.613619769,1.11709881,0.831611655,1.767147165,1.382206086,2.204759784,2.08225072,1.280819056,0.928676856,0.993518177,0.795498359,0.851514798,2.0864839,2.082829106,1.623182216,1.1222101,0.723700724,1.899210508,2.144652165,1.377290475,1.473498732,1.397405162,,,,,,,,,,,,,,,,,,,,,,,,,,,,,,,,,,,,,,,,,,,,,,,,,,,,,,,,,,,,,,,,,,,,,,,,,,,,,,,,,,,,,,,,,,,,,,,,,,,,,,,,,,,,,,,,,,,,,,,,,,,,,,,,,,,,,,,,,,,,,,,,,,,,,,,,,,,,,,,,,,,,,,,,,,,,,,,,,,,,,,,,,,,,,,,,,,,,,,,,,,,,,,,,,,,,,,,,,,,,,,,,,,,,,,,,,,,,,,,,,,,,,,,,,,,,,,,,,,,,,,,,,,,,,,,,,,,,,,,,,,,,,,,,,,,,,,,,,,,,,,,,,,,,,,,,,,,,,,,,,,,,,,,,,,,,,,,,,,,,,,,,,,,,,,,,,,,,,,,,,,,,,,,,,,,,,,,,,,,,,,,,,,,,,,,,,,,,,,,,,,,,,,,,,,,,,,,,,,,,,,,,,,,,,,,,,,,,,,,,,,,,,,,,,,,,,,,,,,,,,,,,,,,,,,,,,,,,,,,,,,,,,,,,,,,,,,,,,,,,,,,,,,,,,,,,,,,,,,,,,,,,,,,,,,,,,,,,,,,,,,,,,,,,,,,,
0.177848482,0.186834687,0.200803252,0.157658598,0.163812606,0.161309663,0.200478417,0.198073068,0.17722641,0.230460151,0.187387134,0.162834812,0.15999295,0.159339724,0.160178433,0.167819343,0.189125406,0.179904785,0.173156498,0.19877713,0.152751291,0.157058642,0.158904453,0.207509182,0.237428914,0.218419489,0.150913488,0.155229841,0.163882743,0.151602985,0.245218545,0.200139251,0.147148687,0.168905238,0.155903907,0.180459177,0.172096403,0.169745336,0.204092603,0.163119227,0.167423931,0.189418301,0.182500912,0.167192896,0.161835293,0.157658247,0.149808625,0.151194177,0.151262921,0.072811206,0.197765915,0.163865438,0.18697517,0.19585679,0.152009589,0.169621016,0.200182092,0.171358455,0.206379606,0.168370735,0.154283638,0.177733616,0.178570425,0.165725048,0.148811727,0.174221699,0.189041029,0.166947593,0.177748447,0.176877091,0.161920849,0.155802081,0.155474276,0.162965327,0.17462482,0.167145918,0.178399542,0.153593264,0.155304964,0.181012976,0.199426041,0.155962736,0.167067101,0.171185373,0.169655802,0.163388299,0.165953049,0.158024635,0.167071426,0.210060387,0.174234836,0.170709421,,,,,,,,,,,,,,,,,,,,,,,,,,,,,,,,,,,,,,,,,,,,,,,,,,,,,,,,,,,,,,,,,,,,,,,,,,,,,,,,,,,,,,,,,,,,,,,,,,,,,,,,,,,,,,,,,,,,,,,,,,,,,,,,,,,,,,,,,,,,,,,,,,,,,,,,,,,,,,,,,,,,,,,,,,,,,,,,,,,,,,,,,,,,,,,,,,,,,,,,,,,,,,,,,,,,,,,,,,,,,,,,,,,,,,,,,,,,,,,,,,,,,,,,,,,,,,,,,,,,,,,,,,,,,,,,,,,,,,,,,,,,,,,,,,,,,,,,,,,,,,,,,,,,,,,,,,,,,,,,,,,,,,,,,,,,,,,,,,,,,,,,,,,,,,,,,,,,,,,,,,,,,,,,,,,,,,,,,,,,,,,,,,,,,,,,,,,,,,,,,,,,,,,,,,,,,,,,,,,,,,,,,,,,,,,,,,,,,,,,,,,,,,,,,,,,,,,,,,,,,,,,,,,,,,,,,,,,,,,,,,,,,,,,,,,,,,,,,,,,,,,,,,,,,,,,,,,,,,,,,,,,,,,,,,,,,,,,,,,,,,,,,,,,,,,,
1.771189833,1.698220212,1.530945987,1.010918031,1.546998695,1.681127295,1.741977625,1.601477382,1.28202587,1.682104417,1.766505868,1.557376244,1.646258362,1.678314002,1.515218524,1.402308575,1.326122069,1.318586001,0.600276976,0.951890405,1.459540951,1.734550027,1.766370493,1.542207573,1.3767089,1.725362359,1.727724007,1.667040541,1.392937487,1.663455691,1.8097389,1.676834789,1.674521314,0.836889162,1.862258591,1.58832052,1.394585925,1.363816951,0.614413357,1.643652278,1.690050478,1.710337107,1.783177146,1.653337396,1.371120018,1.663622285,1.658972823,1.554800261,1.564187242,1.540642464,1.702962111,1.506359289,1.413892067,1.523595658,1.480433077,1.568438453,1.368258914,1.509189048,1.41360878,1.297895299,1.209876775,1.542874428,1.560643845,1.512636185,1.280625399,1.34978792,1.380655577,1.354387472,3.107134491,1.385516045,4.111671561,1.119871534,0.869115931,1.43165978,1.324067115,1.473560326,1.448318522,1.547735815,1.366568572,1.41206515,1.480233995,1.487400782,1.377733695,1.500828069,1.60350868,1.378229578,1.376741283,1.428949185,1.487672126,1.463533374,1.403298736,1.49850684,,,,,,,,,,,,,,,,,,,,,,,,,,,,,,,,,,,,,,,,,,,,,,,,,,,,,,,,,,,,,,,,,,,,,,,,,,,,,,,,,,,,,,,,,,,,,,,,,,,,,,,,,,,,,,,,,,,,,,,,,,,,,,,,,,,,,,,,,,,,,,,,,,,,,,,,,,,,,,,,,,,,,,,,,,,,,,,,,,,,,,,,,,,,,,,,,,,,,,,,,,,,,,,,,,,,,,,,,,,,,,,,,,,,,,,,,,,,,,,,,,,,,,,,,,,,,,,,,,,,,,,,,,,,,,,,,,,,,,,,,,,,,,,,,,,,,,,,,,,,,,,,,,,,,,,,,,,,,,,,,,,,,,,,,,,,,,,,,,,,,,,,,,,,,,,,,,,,,,,,,,,,,,,,,,,,,,,,,,,,,,,,,,,,,,,,,,,,,,,,,,,,,,,,,,,,,,,,,,,,,,,,,,,,,,,,,,,,,,,,,,,,,,,,,,,,,,,,,,,,,,,,,,,,,,,,,,,,,,,,,,,,,,,,,,,,,,,,,,,,,,,,,,,,,,,,,,,,,,,,,,,,,,,,,,,,,,,,,,,,,,,,,,,,,,,,
0.343307844,0.311658486,0.448743606,0.312387361,0.28118133,0.287736133,0.292665852,0.316917853,0.221926345,0.263922553,0.360795753,0.311874375,0.291403723,0.33564085,0.294572461,0.216907546,0.255408251,0.266209661,0.248902616,0.25444778,0.264037948,0.357916055,0.389318413,0.306654151,0.288808991,0.281973722,0.309735452,0.340933539,0.327269467,0.343670825,0.363245294,0.362617759,0.310604906,0.235571899,0.222455847,0.23031248,0.231466256,0.335391922,0.324467576,0.248330129,0.281475504,0.279649302,0.293507922,0.30562823,0.467126511,0.332299232,0.372735611,0.333334952,0.301056265,0.290024706,0.279672517,0.301339586,0.343450309,0.31136807,0.329088919,0.294110123,0.316859461,0.301316294,0.364885547,0.320751595,0.280033343,0.316006362,0.297628741,0.306764635,0.329500522,0.373583886,0.297247742,0.320455674,0.332456394,0.289338801,0.328518225,0.404396357,0.312880238,0.314227613,0.291461579,0.314484215,0.277891169,0.286498173,0.31676459,0.479984078,0.299974467,0.306178842,0.30373899,0.29585881,0.293566276,0.403169082,0.460151878,0.323693432,0.325592972,0.277648787,0.306424128,0.276181935,,,,,,,,,,,,,,,,,,,,,,,,,,,,,,,,,,,,,,,,,,,,,,,,,,,,,,,,,,,,,,,,,,,,,,,,,,,,,,,,,,,,,,,,,,,,,,,,,,,,,,,,,,,,,,,,,,,,,,,,,,,,,,,,,,,,,,,,,,,,,,,,,,,,,,,,,,,,,,,,,,,,,,,,,,,,,,,,,,,,,,,,,,,,,,,,,,,,,,,,,,,,,,,,,,,,,,,,,,,,,,,,,,,,,,,,,,,,,,,,,,,,,,,,,,,,,,,,,,,,,,,,,,,,,,,,,,,,,,,,,,,,,,,,,,,,,,,,,,,,,,,,,,,,,,,,,,,,,,,,,,,,,,,,,,,,,,,,,,,,,,,,,,,,,,,,,,,,,,,,,,,,,,,,,,,,,,,,,,,,,,,,,,,,,,,,,,,,,,,,,,,,,,,,,,,,,,,,,,,,,,,,,,,,,,,,,,,,,,,,,,,,,,,,,,,,,,,,,,,,,,,,,,,,,,,,,,,,,,,,,,,,,,,,,,,,,,,,,,,,,,,,,,,,,,,,,,,,,,,,,,,,,,,,,,,,,,,,,,,,,,,,,,,,,,,,
0,0,0,0,0,0,0,0,0,0,0,0,0,0,0,0,0,0,0,0,0,0,0,1.298275526,0,1.252568004,0,0,0,0,0,0,0,0,0,0,0,0,0,0,0,0,0,0,0,0,0,0,0,0,0,0,0,0,0,0,0,0,0,0,0,0,0,0,0,0,0,0,0,0,0,0,0,0,0,0,0,1.196739823,0,0,0,0,0,0,0,0,0,0,0,0,0,0,,,,,,,,,,,,,,,,,,,,,,,,,,,,,,,,,,,,,,,,,,,,,,,,,,,,,,,,,,,,,,,,,,,,,,,,,,,,,,,,,,,,,,,,,,,,,,,,,,,,,,,,,,,,,,,,,,,,,,,,,,,,,,,,,,,,,,,,,,,,,,,,,,,,,,,,,,,,,,,,,,,,,,,,,,,,,,,,,,,,,,,,,,,,,,,,,,,,,,,,,,,,,,,,,,,,,,,,,,,,,,,,,,,,,,,,,,,,,,,,,,,,,,,,,,,,,,,,,,,,,,,,,,,,,,,,,,,,,,,,,,,,,,,,,,,,,,,,,,,,,,,,,,,,,,,,,,,,,,,,,,,,,,,,,,,,,,,,,,,,,,,,,,,,,,,,,,,,,,,,,,,,,,,,,,,,,,,,,,,,,,,,,,,,,,,,,,,,,,,,,,,,,,,,,,,,,,,,,,,,,,,,,,,,,,,,,,,,,,,,,,,,,,,,,,,,,,,,,,,,,,,,,,,,,,,,,,,,,,,,,,,,,,,,,,,,,,,,,,,,,,,,,,,,,,,,,,,,,,,,,,,,,,,,,,,,,,,,,,,,,,,,,,,,,,,,
0.317291291,0.326110031,0.34652752,0.37434333,0.318091672,0.327218491,0.326352357,0.312331694,0.303211264,0.315479996,0.372917431,0.318923102,0.33171352,0.325796583,0.325095856,0.307951655,0.299803315,0.37082233,0.285996621,0.282673285,0.325609059,0.33497655,0.331993312,0.328156909,0.407221627,0.336048008,0.342488097,0.336447511,0.32613789,0.339460612,0.337103862,0.425748017,0.348223527,0.288620821,0.344059381,0.33537605,0.320562296,0.316011766,0.382697672,0.300762819,0.334226759,0.341572829,0.329273222,0.331826165,0.332660257,0.426368355,0.342036782,0.360179802,0.36743985,0.142824662,0.155717665,0.305538348,0.328449973,0.410852157,0.36101651,0.33360241,0.32687937,0.329776871,0.35550176,0.424518868,0.34193676,0.331075038,0.329221776,0.330005865,0.319329299,0.404124921,0.34295247,0.3195835,0.305541608,0.285543977,0.27733573,0.24916072,0.270519175,0.384094243,0.316930245,0.336933409,0.342436028,0.340363439,0.336951409,0.351065037,0.414485023,0.359113348,0.366687181,0.361403908,0.346178101,0.340688016,0.366160672,0.445443355,0.335823104,0.342567567,0.340171995,0.337065077,0.414051083,0.426527136,0.436285845,0.506227898,0.518419306,0.591888962,0.499218488,0.490127118,0.489206062,0.278391671,0.404727847,0.395984033,0.397640739,0.398805521,0.357143827,0.300454611,0.472920945,0.46915634,0.574605517,0.513994028,0.399639773,0.392818174,0.306893118,0.238092325,0.238852905,0.24764292,0.240904104,0.23983368,0.237623978,0.324545392,0.474876212,0.444616313,0.386562152,0.47077464,0.430351274,0.420481776,0.472632344,0.582060625,0.462252525,0.473433165,0.43613245,0.418015334,0.46986706,0.421521774,0.423557523,0.438941348,0.433139288,0.42361217,0.420567861,0.418020957,0.392105593,0.53841833,0.434788504,0.448612071,0.425436098,0.478539326,0.424709844,0.467892883,0.486240751,0.429861517,0.411885955,0.400067993,0.41397009,0.40645359,0.464035746,0.543000893,0.422081371,0.42399088,0.437749565,0.435985976,0.431342927,0.404640775,0.347767988,0.397218846,0.394001858,0.388304284,0.383383815,0.289443613,0.284980402,0.401528609,0.411110511,0.391385622,0.400917887,0.441244307,0.45333409,0.410161277,0.436578142,0.458218111,0.432500158,0.41400313,0.425028658,0.405832902,,,,,,,,,,,,,,,,,,,,,,,,,,,,,,,,,,,,,,,,,,,,,,,,,,,,,,,,,,,,,,,,,,,,,,,,,,,,,,,,,,,,,,,,,,,,,,,,,,,,,,,,,,,,,,,,,,,,,,,,,,,,,,,,,,,,,,,,,,,,,,,,,,,,,,,,,,,,,,,,,,,,,,,,,,,,,,,,,,,,,,,,,,,,,,,,,,,,,,,,,,,,,,,,,,,,,,,,,,,,,,,,,,,,,,,,,,,,,,,,,,,,,,,,,,,,,,,,,,,,,,,,,,,,,,,,,,,,,,,,,,,,,,,,,,,,,,,,,,,,,,,,,,,,,,,,,,,,,,,,,,,,,,,,,,,,,,,,,,,,,,,,,,,,,,,,,,,,,,,,,,,,,,,,,,,,,,,,,,,,,,,,,,,,,,,,,,,,,,,,,,,,,,,,,,,,,,,,,,,,,,,,,,,,,,,,,,,,,,,,,,,,,,,,,,,,,,,,,,,,
3.469267764,3.5378043,2.818990308,2.162255122,3.360681482,2.897345869,3.198573393,2.935115935,3.117781528,3.054559544,3.314869568,3.23169227,3.194655763,3.340981947,3.207411011,2.96982112,2.55692628,2.814519157,1.916387478,2.361354158,2.8820335,3.814667522,3.568104317,3.134049552,2.798731819,3.492342419,3.964728288,3.44241448,3.165397659,3.536787394,3.49034554,3.347309772,3.47088643,2.479103434,3.405620339,3.074826242,2.824558535,3.666769245,1.772472624,4.178232279,3.467832645,3.323166479,3.301123331,3.344670574,2.788600729,3.058659305,3.458218357,2.980062349,2.685186344,2.911638462,2.728539283,2.828427843,2.86270665,2.926002812,2.652124424,2.431604692,3.025490793,3.028034671,2.860357691,2.732191748,2.082297222,3.419356361,2.946263367,3.274785288,2.992098168,2.798446704,2.683279495,2.808411579,3.139109298,2.597094692,2.233263713,2.12218292,1.729905089,3.236959029,3.046418162,3.133787536,2.44988293,3.332754656,2.084993503,3.003124946,3.026984439,2.421267919,3.022332264,2.38599724,3.224218967,2.712055769,3.125245288,2.845573621,2.965927758,2.47057568,2.885557437,2.874760977,,,,,,,,,,,,,,,,,,,,,,,,,,,,,,,,,,,,,,,,,,,,,,,,,,,,,,,,,,,,,,,,,,,,,,,,,,,,,,,,,,,,,,,,,,,,,,,,,,,,,,,,,,,,,,,,,,,,,,,,,,,,,,,,,,,,,,,,,,,,,,,,,,,,,,,,,,,,,,,,,,,,,,,,,,,,,,,,,,,,,,,,,,,,,,,,,,,,,,,,,,,,,,,,,,,,,,,,,,,,,,,,,,,,,,,,,,,,,,,,,,,,,,,,,,,,,,,,,,,,,,,,,,,,,,,,,,,,,,,,,,,,,,,,,,,,,,,,,,,,,,,,,,,,,,,,,,,,,,,,,,,,,,,,,,,,,,,,,,,,,,,,,,,,,,,,,,,,,,,,,,,,,,,,,,,,,,,,,,,,,,,,,,,,,,,,,,,,,,,,,,,,,,,,,,,,,,,,,,,,,,,,,,,,,,,,,,,,,,,,,,,,,,,,,,,,,,,,,,,,,,,,,,,,,,,,,,,,,,,,,,,,,,,,,,,,,,,,,,,,,,,,,,,,,,,,,,,,,,,,,,,,,,,,,,,,,,,,,,,,,,,,,,,,,,,,
0.165096771,0.168513981,0.161740973,0.172541354,0.166080993,0.18232369,0.162196272,0.157160476,0.165616011,0.16775542,0.167414495,0.16782749,0.163598966,0.163317673,0.164714612,0.164788539,0.148804417,0.160274933,0.189254043,0.170806704,0.197019915,0.159736599,0.158504928,0.148340727,0.135812088,0.15688265,0.158918558,0.158806653,0.172989081,0.208272655,0.177352945,0.156550271,0.164428741,0.188418776,0.185188235,0.163058815,0,0,0.024696762,0.216253411,0.201524801,0.191527508,0.200693946,0.183145836,0.189748839,0.236024259,0.214042515,0.222592611,0.226758184,0.222703401,0.229604098,0.215715896,0.228964051,0.215779488,0.197741077,0.238217067,0.236360662,0.235907773,0.269181627,0.21084933,0.200853663,0.208742338,0.230358701,0.218713376,0.195180767,0.19512703,0.199112542,0.241187803,0.22701736,0.216190366,0.2804623,0.203968043,0.215691745,0.224910744,0.189899483,0.220240016,0.240415251,0.309393334,0.251708856,0.234031669,0.243841715,0.239035086,0.244633771,0.264389839,0.250180822,0.204931755,0.210143651,0.204225986,0.213415381,0.211847903,0.188177524,0.194851299,,,,,,,,,,,,,,,,,,,,,,,,,,,,,,,,,,,,,,,,,,,,,,,,,,,,,,,,,,,,,,,,,,,,,,,,,,,,,,,,,,,,,,,,,,,,,,,,,,,,,,,,,,,,,,,,,,,,,,,,,,,,,,,,,,,,,,,,,,,,,,,,,,,,,,,,,,,,,,,,,,,,,,,,,,,,,,,,,,,,,,,,,,,,,,,,,,,,,,,,,,,,,,,,,,,,,,,,,,,,,,,,,,,,,,,,,,,,,,,,,,,,,,,,,,,,,,,,,,,,,,,,,,,,,,,,,,,,,,,,,,,,,,,,,,,,,,,,,,,,,,,,,,,,,,,,,,,,,,,,,,,,,,,,,,,,,,,,,,,,,,,,,,,,,,,,,,,,,,,,,,,,,,,,,,,,,,,,,,,,,,,,,,,,,,,,,,,,,,,,,,,,,,,,,,,,,,,,,,,,,,,,,,,,,,,,,,,,,,,,,,,,,,,,,,,,,,,,,,,,,,,,,,,,,,,,,,,,,,,,,,,,,,,,,,,,,,,,,,,,,,,,,,,,,,,,,,,,,,,,,,,,,,,,,,,,,,,,,,,,,,,,,,,,,,,,
0.260120027,0.257192963,0.280868948,0.305357115,0.275529994,0.29246751,0.255696556,0.257339257,0.300471765,0.296065291,0.273760045,0.267405719,0.285954534,0.348213487,0.266308814,0.243968306,0.260707579,0.279745151,0.287067421,0.253977023,0.257284328,0.238362112,0.254985003,0.252585936,0.252508202,0.243706174,0.247092447,0.23962699,0.247471543,0.264184734,0.224410419,0.245003847,0.234357858,0.287574351,0.255666883,0.2584532,0.271624232,0.241624364,0.304530544,0.276455425,0.224445964,0.254448782,0.230990614,0.250005829,0.267634445,0.254567858,0.294523239,0.267559351,0.274288745,0.227708353,0.214305664,0.229623292,0.231105055,0.234411352,0.254517588,0.232388003,0.23726295,0.234818667,0.243762057,0.240121456,0.280675045,0.276391736,0.261347215,0.268698025,0.235966726,0.246975748,0.240572756,0.235859753,0.255836361,0.229396805,0.254224429,0.256370977,0.270170413,0.270249291,0.237267623,0.245167055,0.220290963,0.232008809,0.263402476,0.298919639,0.244403468,0.258504304,0.27128224,0.254320791,0.23679394,0.253586422,0.215237825,0.235875932,0.234876857,0.239738927,0.248654763,0.255923907,,,,,,,,,,,,,,,,,,,,,,,,,,,,,,,,,,,,,,,,,,,,,,,,,,,,,,,,,,,,,,,,,,,,,,,,,,,,,,,,,,,,,,,,,,,,,,,,,,,,,,,,,,,,,,,,,,,,,,,,,,,,,,,,,,,,,,,,,,,,,,,,,,,,,,,,,,,,,,,,,,,,,,,,,,,,,,,,,,,,,,,,,,,,,,,,,,,,,,,,,,,,,,,,,,,,,,,,,,,,,,,,,,,,,,,,,,,,,,,,,,,,,,,,,,,,,,,,,,,,,,,,,,,,,,,,,,,,,,,,,,,,,,,,,,,,,,,,,,,,,,,,,,,,,,,,,,,,,,,,,,,,,,,,,,,,,,,,,,,,,,,,,,,,,,,,,,,,,,,,,,,,,,,,,,,,,,,,,,,,,,,,,,,,,,,,,,,,,,,,,,,,,,,,,,,,,,,,,,,,,,,,,,,,,,,,,,,,,,,,,,,,,,,,,,,,,,,,,,,,,,,,,,,,,,,,,,,,,,,,,,,,,,,,,,,,,,,,,,,,,,,,,,,,,,,,,,,,,,,,,,,,,,,,,,,,,,,,,,,,,,,,,,,,,,,,
1.011419832,0.951539722,0.92901297,0.683471653,1.168020959,1.067908308,1.231350274,0.965971578,1.028644322,1.290833652,1.292603956,1.223583307,1.169565744,1.366687884,0.991870684,0.775670836,0.842625968,0.779113353,0.482554289,0.698036222,0.829349913,0.863818781,0.781235988,0.902729082,0.816356063,0.938472674,1.03337405,0.961811491,0.878054736,0.835800949,0.896973636,1.216376816,1.064810738,0.720820621,0.968333018,0.845696194,0.675757189,0.755626043,0.552747923,0.969436007,1.032725059,1.164999097,0.930071403,0.824827369,0.764900988,0.740404025,1.019105141,0.847598917,1.187204267,0.846459688,0.725208426,0.76755665,0.872493819,0.915300205,0.894961233,0.808083307,0.887091542,0.780846494,0.721873661,0.879856792,0.701253511,0.925996837,0.837487511,0.832602455,0.789375309,0.856807549,0.741780507,0.944237153,0.721955369,0.800483277,0.685259863,0.727452016,0.509555767,0.981412458,0.978819345,0.868109157,0.948272764,1.037750391,0.868537093,0.69052943,1.100027654,0.917489347,1.065145585,0.866323955,1.029853845,0.758427229,0.783452546,1.008503359,1.08586578,0.845280722,0.855129178,0.907100222,,,,,,,,,,,,,,,,,,,,,,,,,,,,,,,,,,,,,,,,,,,,,,,,,,,,,,,,,,,,,,,,,,,,,,,,,,,,,,,,,,,,,,,,,,,,,,,,,,,,,,,,,,,,,,,,,,,,,,,,,,,,,,,,,,,,,,,,,,,,,,,,,,,,,,,,,,,,,,,,,,,,,,,,,,,,,,,,,,,,,,,,,,,,,,,,,,,,,,,,,,,,,,,,,,,,,,,,,,,,,,,,,,,,,,,,,,,,,,,,,,,,,,,,,,,,,,,,,,,,,,,,,,,,,,,,,,,,,,,,,,,,,,,,,,,,,,,,,,,,,,,,,,,,,,,,,,,,,,,,,,,,,,,,,,,,,,,,,,,,,,,,,,,,,,,,,,,,,,,,,,,,,,,,,,,,,,,,,,,,,,,,,,,,,,,,,,,,,,,,,,,,,,,,,,,,,,,,,,,,,,,,,,,,,,,,,,,,,,,,,,,,,,,,,,,,,,,,,,,,,,,,,,,,,,,,,,,,,,,,,,,,,,,,,,,,,,,,,,,,,,,,,,,,,,,,,,,,,,,,,,,,,,,,,,,,,,,,,,,,,,,,,,,,,,,,
0,0,0,0,0.235381855,0.466354025,0.447055255,0.461867522,0.391598318,0.470488084,0.463667603,0.489198912,0.560777321,0.513552609,0.552575869,0.407872263,0.503538662,0.462058047,0.440424367,0.240063049,0.251836936,0.283663763,0,0,0,0.297920541,0.307944742,0.27835938,0.317049148,0,0.445932884,0.329101363,0.321229257,0.288454511,0.361251856,0.297392037,0.33457032,0.370732411,0.507037293,0.503663654,0.401594007,0.357272525,0.370673903,0.341344363,0.417755329,0.38735319,0.411053019,0.361242539,0.375858479,0.4252452,0.399643716,0.450398069,0.462850095,0.450092467,0.367063381,0.349285793,0.440673487,0.4674529,0.496328956,0.480624004,0.569029652,0.54890233,0.397890425,0,0,0,0.383243696,0.429675433,0.406230447,0.443533647,0.484603328,0.398075022,0.413249425,0.424691532,0.462456917,0.462713613,0.447926465,0.489655822,0.503278732,0.441063233,0.471875622,0.405739299,0.442466808,0.462755553,0.503701359,0.521150954,0.509297676,0.509028752,0.474779133,0.450386095,0.403232878,0.443809544,,,,,,,,,,,,,,,,,,,,,,,,,,,,,,,,,,,,,,,,,,,,,,,,,,,,,,,,,,,,,,,,,,,,,,,,,,,,,,,,,,,,,,,,,,,,,,,,,,,,,,,,,,,,,,,,,,,,,,,,,,,,,,,,,,,,,,,,,,,,,,,,,,,,,,,,,,,,,,,,,,,,,,,,,,,,,,,,,,,,,,,,,,,,,,,,,,,,,,,,,,,,,,,,,,,,,,,,,,,,,,,,,,,,,,,,,,,,,,,,,,,,,,,,,,,,,,,,,,,,,,,,,,,,,,,,,,,,,,,,,,,,,,,,,,,,,,,,,,,,,,,,,,,,,,,,,,,,,,,,,,,,,,,,,,,,,,,,,,,,,,,,,,,,,,,,,,,,,,,,,,,,,,,,,,,,,,,,,,,,,,,,,,,,,,,,,,,,,,,,,,,,,,,,,,,,,,,,,,,,,,,,,,,,,,,,,,,,,,,,,,,,,,,,,,,,,,,,,,,,,,,,,,,,,,,,,,,,,,,,,,,,,,,,,,,,,,,,,,,,,,,,,,,,,,,,,,,,,,,,,,,,,,,,,,,,,,,,,,,,,,,,,,,,,,,,
2.051140007,1.459960665,1.357986688,1.212108739,1.820303653,1.803960526,1.822831168,1.582240961,1.261382396,1.347200721,1.731544961,1.541496923,1.365810519,1.802088956,1.349779048,1.327062361,1.460782094,1.395055073,0.797222281,1.125986264,1.622955785,1.520380356,1.075785815,1.307832978,1.528571944,1.81120932,2.142791955,1.717567439,1.508363925,1.160676876,1.234070635,2.004264562,1.813979501,0.883691642,1.772078272,1.437945933,1.343635603,1.352827956,0.714722864,1.664756983,1.729911528,1.724303817,1.739645317,1.326582432,1.088366628,1.629211193,1.395237018,1.244114111,1.589740255,1.865532773,1.668552537,1.530545938,1.792234604,1.680799993,1.853666251,1.811218665,1.964112299,1.892856695,1.866467533,1.677836709,1.40598486,2.217380916,1.999140438,2.110224463,1.73094063,1.714336122,1.86025099,2.065655056,2.153951179,1.97692232,1.644441101,1.233340522,1.157041548,1.946874842,1.857940279,2.235605691,2.30726235,2.497308838,1.992035261,1.796183778,1.922564141,1.796610548,1.850274659,1.760338856,1.841682977,1.774929397,1.776690651,1.960539449,1.947079669,1.83562872,1.846852129,1.793933663,,,,,,,,,,,,,,,,,,,,,,,,,,,,,,,,,,,,,,,,,,,,,,,,,,,,,,,,,,,,,,,,,,,,,,,,,,,,,,,,,,,,,,,,,,,,,,,,,,,,,,,,,,,,,,,,,,,,,,,,,,,,,,,,,,,,,,,,,,,,,,,,,,,,,,,,,,,,,,,,,,,,,,,,,,,,,,,,,,,,,,,,,,,,,,,,,,,,,,,,,,,,,,,,,,,,,,,,,,,,,,,,,,,,,,,,,,,,,,,,,,,,,,,,,,,,,,,,,,,,,,,,,,,,,,,,,,,,,,,,,,,,,,,,,,,,,,,,,,,,,,,,,,,,,,,,,,,,,,,,,,,,,,,,,,,,,,,,,,,,,,,,,,,,,,,,,,,,,,,,,,,,,,,,,,,,,,,,,,,,,,,,,,,,,,,,,,,,,,,,,,,,,,,,,,,,,,,,,,,,,,,,,,,,,,,,,,,,,,,,,,,,,,,,,,,,,,,,,,,,,,,,,,,,,,,,,,,,,,,,,,,,,,,,,,,,,,,,,,,,,,,,,,,,,,,,,,,,,,,,,,,,,,,,,,,,,,,,,,,,,,,,,,,,,,,,
0.169855956,0.189220556,0.156674837,0,0.064985729,0.075497543,0.070455491,0.091172018,0.081273459,0.096844309,0.102184749,0.126937498,0.093765767,0.077997186,0.095379586,0.07648651,0.090601191,0.127757865,0.081598656,0,0.16444196,0.175575628,0.141692282,0.187828433,0.145335922,0.151440626,0.164017746,0.157031423,0.153438735,0.187288721,0.187754617,0.166078497,0.212362822,0.168317843,0.198071893,0.137899677,0.144660382,0.169271344,0.162508792,0.253269647,0.190215743,0.180997991,0.165449803,0.140265413,0.175757785,0.163331578,0.184991257,0.175296846,0.196491771,0.193307274,0.205407598,0.149300902,0.155793943,0.168522218,0.165066136,0.145818469,0.152691737,0.19236424,0.163238651,0.157298586,0.141750887,0.17447414,0.168068852,0.196897,0.167555781,0.158504141,0.188492229,0.124102334,0.149533015,0.125747466,0.129244478,0.13837758,0.128409612,0.223315639,0.162231813,0.11213143,0.118780113,0.176365702,0.220420514,0.163517096,0.162906174,0.186134618,0.14299169,0.151634604,0.145943958,0.25697743,0.199565718,0.152353612,0.159262405,0.139263625,0.142643471,0.151564793,,,,,,,,,,,,,,,,,,,,,,,,,,,,,,,,,,,,,,,,,,,,,,,,,,,,,,,,,,,,,,,,,,,,,,,,,,,,,,,,,,,,,,,,,,,,,,,,,,,,,,,,,,,,,,,,,,,,,,,,,,,,,,,,,,,,,,,,,,,,,,,,,,,,,,,,,,,,,,,,,,,,,,,,,,,,,,,,,,,,,,,,,,,,,,,,,,,,,,,,,,,,,,,,,,,,,,,,,,,,,,,,,,,,,,,,,,,,,,,,,,,,,,,,,,,,,,,,,,,,,,,,,,,,,,,,,,,,,,,,,,,,,,,,,,,,,,,,,,,,,,,,,,,,,,,,,,,,,,,,,,,,,,,,,,,,,,,,,,,,,,,,,,,,,,,,,,,,,,,,,,,,,,,,,,,,,,,,,,,,,,,,,,,,,,,,,,,,,,,,,,,,,,,,,,,,,,,,,,,,,,,,,,,,,,,,,,,,,,,,,,,,,,,,,,,,,,,,,,,,,,,,,,,,,,,,,,,,,,,,,,,,,,,,,,,,,,,,,,,,,,,,,,,,,,,,,,,,,,,,,,,,,,,,,,,,,,,,,,,,,,,,,,,,,,,,
1.79091697,1.813563745,1.524106025,1.371347047,1.785497469,1.84099019,1.765110288,1.689255455,1.723012435,1.763924577,1.802347603,1.767665553,1.769401806,1.847129762,1.672569102,1.699948015,1.607924626,1.363435545,1.132047822,1.312622108,1.693885738,1.830147844,1.935394671,1.728032949,1.610948786,1.867812121,1.797152395,1.744302719,1.583872535,1.724983867,1.871017717,1.837381415,1.706880243,1.383187362,1.856111138,1.563883983,1.459419324,1.723189879,1.104672648,1.864106643,1.718282232,1.741324249,1.676150686,1.786668734,1.621596978,1.74229926,1.731780564,1.677210353,1.585838294,0.526384146,1.683307419,1.523276643,1.425342995,1.440012336,1.572649751,1.494922371,1.645112305,1.523143152,1.698376715,1.51913147,1.372677174,1.835207504,1.571810734,1.656652552,1.699308496,1.705035182,1.660266675,1.822154013,1.904947488,1.777801472,1.600135375,1.373474055,1.171002714,1.679189859,1.760348095,1.69852077,1.748871163,1.795644848,1.626026719,1.756156628,1.770339778,1.731086809,1.764735957,1.811039746,1.836890738,1.766547829,1.751073896,1.745910064,1.871661219,1.700919466,1.582402634,1.768524659,,,,,,,,,,,,,,,,,,,,,,,,,,,,,,,,,,,,,,,,,,,,,,,,,,,,,,,,,,,,,,,,,,,,,,,,,,,,,,,,,,,,,,,,,,,,,,,,,,,,,,,,,,,,,,,,,,,,,,,,,,,,,,,,,,,,,,,,,,,,,,,,,,,,,,,,,,,,,,,,,,,,,,,,,,,,,,,,,,,,,,,,,,,,,,,,,,,,,,,,,,,,,,,,,,,,,,,,,,,,,,,,,,,,,,,,,,,,,,,,,,,,,,,,,,,,,,,,,,,,,,,,,,,,,,,,,,,,,,,,,,,,,,,,,,,,,,,,,,,,,,,,,,,,,,,,,,,,,,,,,,,,,,,,,,,,,,,,,,,,,,,,,,,,,,,,,,,,,,,,,,,,,,,,,,,,,,,,,,,,,,,,,,,,,,,,,,,,,,,,,,,,,,,,,,,,,,,,,,,,,,,,,,,,,,,,,,,,,,,,,,,,,,,,,,,,,,,,,,,,,,,,,,,,,,,,,,,,,,,,,,,,,,,,,,,,,,,,,,,,,,,,,,,,,,,,,,,,,,,,,,,,,,,,,,,,,,,,,,,,,,,,,,,,,,,,
0,0,0,0,0,0,0,0,0,0,0,0,0,0,0,0,0,0,0,0,0,0,0,0,0,0,0,0,0,0,0,0,0,0,0,0,0,0,0.243829292,0,0,0,0,0,0,0,0,0,0,0,0,0,0,0,0,0,0,0,0,0,0,0,0,0,0,0,0,0,0,0,0,0,0,0,0,0,0,0,0,0,0,0,0,0,0,0,0,0,0,0,0,0,,,,,,,,,,,,,,,,,,,,,,,,,,,,,,,,,,,,,,,,,,,,,,,,,,,,,,,,,,,,,,,,,,,,,,,,,,,,,,,,,,,,,,,,,,,,,,,,,,,,,,,,,,,,,,,,,,,,,,,,,,,,,,,,,,,,,,,,,,,,,,,,,,,,,,,,,,,,,,,,,,,,,,,,,,,,,,,,,,,,,,,,,,,,,,,,,,,,,,,,,,,,,,,,,,,,,,,,,,,,,,,,,,,,,,,,,,,,,,,,,,,,,,,,,,,,,,,,,,,,,,,,,,,,,,,,,,,,,,,,,,,,,,,,,,,,,,,,,,,,,,,,,,,,,,,,,,,,,,,,,,,,,,,,,,,,,,,,,,,,,,,,,,,,,,,,,,,,,,,,,,,,,,,,,,,,,,,,,,,,,,,,,,,,,,,,,,,,,,,,,,,,,,,,,,,,,,,,,,,,,,,,,,,,,,,,,,,,,,,,,,,,,,,,,,,,,,,,,,,,,,,,,,,,,,,,,,,,,,,,,,,,,,,,,,,,,,,,,,,,,,,,,,,,,,,,,,,,,,,,,,,,,,,,,,,,,,,,,,,,,,,,,,,,,,,,
2.02682027,1.926904205,1.690907139,1.535967046,2.000962149,1.943767864,1.983316995,1.839819091,1.723512225,1.998200491,1.838424521,1.219668544,1.236384704,1.312895676,1.309192643,1.381918479,1.40004405,1.331672464,0.953258276,1.074846756,1.33486701,1.579609346,1.295592075,1.254068133,1.616844176,1.219292996,1.336344042,1.322306187,1.231444876,1.19484308,1.146781208,1.227672908,1.166564054,1.017818167,1.47480094,1.14533532,1.431979474,1.180110463,0.998456228,1.404208005,1.299235958,1.220321948,1.231188858,1.252513132,1.152325571,1.062293822,1.047333833,1.078252239,1.356140798,0.380883891,1.230417036,1.033519973,0.93208056,1.014153675,0.936553274,1.128370406,0.996932403,0.986497754,0.982985379,0.867792637,0.919954062,1.300882905,1.090295008,1.044124381,1.064126262,1.088560085,1.055960133,1.056958119,1.059141704,1.099152739,1.015592755,0.981373556,1.022272729,1.096542071,1.174925991,1.125509497,1.029303922,1.063268424,1.000385708,0.980724259,1.104715362,0.981580662,1.059228406,1.102157145,1.107481876,0.933662315,0.961549541,1.102344381,1.038255376,1.0290721,1.088096312,1.134939329,,,,,,,,,,,,,,,,,,,,,,,,,,,,,,,,,,,,,,,,,,,,,,,,,,,,,,,,,,,,,,,,,,,,,,,,,,,,,,,,,,,,,,,,,,,,,,,,,,,,,,,,,,,,,,,,,,,,,,,,,,,,,,,,,,,,,,,,,,,,,,,,,,,,,,,,,,,,,,,,,,,,,,,,,,,,,,,,,,,,,,,,,,,,,,,,,,,,,,,,,,,,,,,,,,,,,,,,,,,,,,,,,,,,,,,,,,,,,,,,,,,,,,,,,,,,,,,,,,,,,,,,,,,,,,,,,,,,,,,,,,,,,,,,,,,,,,,,,,,,,,,,,,,,,,,,,,,,,,,,,,,,,,,,,,,,,,,,,,,,,,,,,,,,,,,,,,,,,,,,,,,,,,,,,,,,,,,,,,,,,,,,,,,,,,,,,,,,,,,,,,,,,,,,,,,,,,,,,,,,,,,,,,,,,,,,,,,,,,,,,,,,,,,,,,,,,,,,,,,,,,,,,,,,,,,,,,,,,,,,,,,,,,,,,,,,,,,,,,,,,,,,,,,,,,,,,,,,,,,,,,,,,,,,,,,,,,,,,,,,,,,,,,,,,,,,
0.612893888,0.697806181,0.602174075,0.47843261,0.763738672,0.751382336,0.732917919,0.762702158,0.779631401,0.761092864,0.892497133,0.752566334,0.685114286,0.804245487,0.727532647,0.689141721,0.598510567,0.610500398,0.378747456,0.553854558,0.77700654,0.724360553,0.81134155,0.764221019,0.601456354,0.72281511,0.677011971,0.638676224,0.602948748,0.602289878,0.59134007,0.672692432,0.647618231,0.541140825,0.715016612,0.66220758,0.561950928,0.702417127,0.437642774,0.78687339,0.748378149,0.746918363,0.624138008,0.675108217,0.562199737,0.668507051,0.689862521,0.666400611,0.647587236,0.635469027,0.63844443,0.55747411,0.584371591,0.543988489,0.587125309,0.598116901,0.609557898,0.666235276,0.570234142,0.582609359,0.426648224,0.718545293,0.649735332,0.687593513,0.651512608,0.559207353,0.597760891,0.551408413,0.616230018,0.552779259,0.505226317,0.504224269,0.482678457,0.695965639,0.697672065,0.635408967,0.685195377,0.77993806,0.771248829,0.676761126,0.732134209,0.727468756,0.708450132,0.715415585,0.753916184,0.749744909,0.569695718,0.601546291,0.644482904,0.704161266,0.628478291,0.779959475,,,,,,,,,,,,,,,,,,,,,,,,,,,,,,,,,,,,,,,,,,,,,,,,,,,,,,,,,,,,,,,,,,,,,,,,,,,,,,,,,,,,,,,,,,,,,,,,,,,,,,,,,,,,,,,,,,,,,,,,,,,,,,,,,,,,,,,,,,,,,,,,,,,,,,,,,,,,,,,,,,,,,,,,,,,,,,,,,,,,,,,,,,,,,,,,,,,,,,,,,,,,,,,,,,,,,,,,,,,,,,,,,,,,,,,,,,,,,,,,,,,,,,,,,,,,,,,,,,,,,,,,,,,,,,,,,,,,,,,,,,,,,,,,,,,,,,,,,,,,,,,,,,,,,,,,,,,,,,,,,,,,,,,,,,,,,,,,,,,,,,,,,,,,,,,,,,,,,,,,,,,,,,,,,,,,,,,,,,,,,,,,,,,,,,,,,,,,,,,,,,,,,,,,,,,,,,,,,,,,,,,,,,,,,,,,,,,,,,,,,,,,,,,,,,,,,,,,,,,,,,,,,,,,,,,,,,,,,,,,,,,,,,,,,,,,,,,,,,,,,,,,,,,,,,,,,,,,,,,,,,,,,,,,,,,,,,,,,,,,,,,,,,,,,,,,
1.053395805,1.034397278,0.862387553,1.107938721,1.143586114,1.222060108,1.195628181,0.852745113,0.998963571,0.948531857,1.0297899,1.044331439,0.831599487,1.800831698,1.272606564,1.426125128,1.266095377,0.947595991,0.795571361,0.880740742,0.801913481,0.869034442,0.869446087,0.87504248,1.096963157,1.111232986,1.160391689,1.133328959,1.081813711,1.067671089,1.028023139,1.027734585,0.954807129,0.833222167,1.435325282,1.007750661,0.9745063,0.976809745,0.738172482,1.052952725,0.843686106,0.85627235,0.87662449,0.899935214,0.885627577,0.853264759,0.885534996,0.830687381,0.856806891,1.092630608,0.810414217,0,0,0,0,0,0,0,0,0,0,0,0,0,0,0,0,0,0,0.757275846,1.202028635,1.184309521,1.069126753,1.42000595,1.464240926,1.572728715,1.405211066,1.469113684,1.351518768,1.439716335,1.32408606,1.300124158,1.331390805,1.330689499,1.460599819,1.380232202,1.364375837,1.395950761,1.416072603,1.343610465,1.417452889,1.482943598,,,,,,,,,,,,,,,,,,,,,,,,,,,,,,,,,,,,,,,,,,,,,,,,,,,,,,,,,,,,,,,,,,,,,,,,,,,,,,,,,,,,,,,,,,,,,,,,,,,,,,,,,,,,,,,,,,,,,,,,,,,,,,,,,,,,,,,,,,,,,,,,,,,,,,,,,,,,,,,,,,,,,,,,,,,,,,,,,,,,,,,,,,,,,,,,,,,,,,,,,,,,,,,,,,,,,,,,,,,,,,,,,,,,,,,,,,,,,,,,,,,,,,,,,,,,,,,,,,,,,,,,,,,,,,,,,,,,,,,,,,,,,,,,,,,,,,,,,,,,,,,,,,,,,,,,,,,,,,,,,,,,,,,,,,,,,,,,,,,,,,,,,,,,,,,,,,,,,,,,,,,,,,,,,,,,,,,,,,,,,,,,,,,,,,,,,,,,,,,,,,,,,,,,,,,,,,,,,,,,,,,,,,,,,,,,,,,,,,,,,,,,,,,,,,,,,,,,,,,,,,,,,,,,,,,,,,,,,,,,,,,,,,,,,,,,,,,,,,,,,,,,,,,,,,,,,,,,,,,,,,,,,,,,,,,,,,,,,,,,,,,,,,,,,,,,
1.73879465,1.588200526,1.108571669,1.340805968,1.392468629,1.555860615,1.911679518,1.707462466,1.345074969,1.586864742,1.95934137,1.40150248,2.070155423,2.137560726,1.504527833,1.360623399,1.416351055,1.425465988,0.867613819,1.023284465,1.38754434,1.392035455,1.831751275,1.779469518,1.530688336,1.849315934,1.910625074,1.828818694,1.283333062,1.91642948,1.548264775,1.565765538,1.347366595,0.918262819,2.199050569,1.47921288,0.878284393,1.364022375,0.649162419,1.535242432,1.892909052,1.221523836,1.624672493,1.518194136,1.678006263,1.701566156,1.643736772,1.506990747,1.719096169,0.241322631,0.946496168,1.172715975,1.315028295,1.480025769,1.334794521,1.581535368,1.546061284,1.589062578,1.505668989,1.130411359,0.921506249,1.739563803,1.693551624,1.403092295,1.393525409,1.347288079,1.33601336,1.191385818,2.120879524,1.07505557,2.997203498,1.042431912,0.949648391,1.396494869,1.473247222,1.515882504,1.250176539,1.539316559,1.353877821,1.408106026,1.1370465,0.978951896,1.209112725,0.879820964,1.060223114,1.284120189,1.14833853,1.37401713,1.386763781,1.358723815,1.191027834,1.399249045,,,,,,,,,,,,,,,,,,,,,,,,,,,,,,,,,,,,,,,,,,,,,,,,,,,,,,,,,,,,,,,,,,,,,,,,,,,,,,,,,,,,,,,,,,,,,,,,,,,,,,,,,,,,,,,,,,,,,,,,,,,,,,,,,,,,,,,,,,,,,,,,,,,,,,,,,,,,,,,,,,,,,,,,,,,,,,,,,,,,,,,,,,,,,,,,,,,,,,,,,,,,,,,,,,,,,,,,,,,,,,,,,,,,,,,,,,,,,,,,,,,,,,,,,,,,,,,,,,,,,,,,,,,,,,,,,,,,,,,,,,,,,,,,,,,,,,,,,,,,,,,,,,,,,,,,,,,,,,,,,,,,,,,,,,,,,,,,,,,,,,,,,,,,,,,,,,,,,,,,,,,,,,,,,,,,,,,,,,,,,,,,,,,,,,,,,,,,,,,,,,,,,,,,,,,,,,,,,,,,,,,,,,,,,,,,,,,,,,,,,,,,,,,,,,,,,,,,,,,,,,,,,,,,,,,,,,,,,,,,,,,,,,,,,,,,,,,,,,,,,,,,,,,,,,,,,,,,,,,,,,,,,,,,,,,,,,,,,,,,,,,,,,,,,,,,
0.612971554,0,0.580623095,0,0.669899036,0.667178481,0.376643729,0.250256054,0.252719618,0.251763118,0.254369251,0,0.250096682,0.25405053,0.251097159,0.251515192,0.247523289,0.248281947,0.250384222,0.241648078,0.244512588,0.244138346,0.242529664,0.245154399,0.246286937,0.242111883,0.243500872,0.241841668,0.248714219,0.257166317,0.254767798,0.246286345,0.246518178,0.255771049,0.247826824,0.253918579,0.254596831,0.254805066,0.250471647,0.2493985,0.255991969,0.250726685,0.257159631,0.256115665,0.259892365,0.244342414,0.245299387,0.251622374,0.253060499,0.257542549,0.254394791,0.25114781,0,0.249100765,0.251137893,0.244685612,0.254852008,0.252090878,0.252725588,0.256516245,0.254409702,0.24675348,0.253626823,0.250385591,0.270392941,0.252310386,0.252240954,0.248677109,0.423738664,0.257046134,0.260704557,0.252839568,0.252388621,0.241420604,0.244317568,0.252617736,0.253644402,0.255224018,0.256374741,0.252838403,0,0.253152025,0.353449808,0.658209831,0.629875659,0,0.655419445,0.622524327,0.657478437,0.664687697,0.706919928,0.68001469,,,,,,,,,,,,,,,,,,,,,,,,,,,,,,,,,,,,,,,,,,,,,,,,,,,,,,,,,,,,,,,,,,,,,,,,,,,,,,,,,,,,,,,,,,,,,,,,,,,,,,,,,,,,,,,,,,,,,,,,,,,,,,,,,,,,,,,,,,,,,,,,,,,,,,,,,,,,,,,,,,,,,,,,,,,,,,,,,,,,,,,,,,,,,,,,,,,,,,,,,,,,,,,,,,,,,,,,,,,,,,,,,,,,,,,,,,,,,,,,,,,,,,,,,,,,,,,,,,,,,,,,,,,,,,,,,,,,,,,,,,,,,,,,,,,,,,,,,,,,,,,,,,,,,,,,,,,,,,,,,,,,,,,,,,,,,,,,,,,,,,,,,,,,,,,,,,,,,,,,,,,,,,,,,,,,,,,,,,,,,,,,,,,,,,,,,,,,,,,,,,,,,,,,,,,,,,,,,,,,,,,,,,,,,,,,,,,,,,,,,,,,,,,,,,,,,,,,,,,,,,,,,,,,,,,,,,,,,,,,,,,,,,,,,,,,,,,,,,,,,,,,,,,,,,,,,,,,,,,,,,,,,,,,,,,,,,,,,,,,,,,,,,,,,,,,
0,0,1.237167743,1.402102384,1.772692014,0.281860118,1.463197049,0.787125387,0.692223901,0.522433023,0.432871062,0.454286708,0.517384485,0.347169178,0,0.842061297,0.818640459,1.63816934,0.930555266,0.61847117,1.301496736,0.819581364,0.960312423,0.499091219,0.309405982,0,1.652106991,0,1.560316806,1.399959479,0,1.50492125,0.247440963,0.514729221,0.510233208,0.509723737,0.384133188,0.511194901,0.340968019,1.479808542,0.510459289,1.395786481,0.754557822,0.660521219,0.356061712,0.53221997,0.579644307,0.387506102,0.417881225,0.151567157,0.009513892,0.505971779,0.400506441,0.450621583,0.547735542,0.516119856,0.625350316,0.696405429,0.587562006,0.49681132,0.422656019,1.465762801,1.399782477,0.684828819,0.570888734,0.404659222,0.395582331,0.34417676,0,0.317166868,0.335380332,0,0.332279221,0.551724098,0,0,0,0,0.214615287,0.223441491,0,0.423948951,0,0.526440957,0,0.385291755,0.172990902,1.424492373,1.349440081,0.486375937,0.577260066,0.619029816,,,,,,,,,,,,,,,,,,,,,,,,,,,,,,,,,,,,,,,,,,,,,,,,,,,,,,,,,,,,,,,,,,,,,,,,,,,,,,,,,,,,,,,,,,,,,,,,,,,,,,,,,,,,,,,,,,,,,,,,,,,,,,,,,,,,,,,,,,,,,,,,,,,,,,,,,,,,,,,,,,,,,,,,,,,,,,,,,,,,,,,,,,,,,,,,,,,,,,,,,,,,,,,,,,,,,,,,,,,,,,,,,,,,,,,,,,,,,,,,,,,,,,,,,,,,,,,,,,,,,,,,,,,,,,,,,,,,,,,,,,,,,,,,,,,,,,,,,,,,,,,,,,,,,,,,,,,,,,,,,,,,,,,,,,,,,,,,,,,,,,,,,,,,,,,,,,,,,,,,,,,,,,,,,,,,,,,,,,,,,,,,,,,,,,,,,,,,,,,,,,,,,,,,,,,,,,,,,,,,,,,,,,,,,,,,,,,,,,,,,,,,,,,,,,,,,,,,,,,,,,,,,,,,,,,,,,,,,,,,,,,,,,,,,,,,,,,,,,,,,,,,,,,,,,,,,,,,,,,,,,,,,,,,,,,,,,,,,,,,,,,,,,,,,,,,
